Food_Item,Category,Calories (kcal),Protein (g),Carbohydrates (g),Fat (g),Fiber (g),Sugars (g),Sodium (mg),Cholesterol (mg),Meal_Type,Water_Intake (ml),Weight_per_Unit_g,fiber_g,sugar_g,calcium_mg,iron_mg,magnesium_mg,phosphorus_mg,potassium_mg,sodium_mg_detailed,zinc_mg,vitamin_a_mcg,vitamin_b1_mg,vitamin_b2_mg,vitamin_b3_mg,vitamin_b6_mg,vitamin_b12_mcg,vitamin_c_mg,vitamin_d_mcg,vitamin_e_mg,vitamin_k_mcg,folate_mcg,saturated_fat_g,monounsaturated_fat_g,polyunsaturated_fat_g,trans_fat_g,cholesterol_mg_detailed,omega_3_g,omega_6_g
Scrambled Eggs (2 large),Protein/Dairy,180,12.0,2.0,14.0,0.0,1.0,180,370,Breakfast,250,200.0,0.0,0.0,130.0,2.9,0.0,0.0,274.0,436.0,0.0,0.0,0.0,0.96,0.0,0.0,4.36,0.0,388.0,0.0,0.0,130.0,4.04,0.0,0.0,0.0,588.0,0.0,0.0
Whole Wheat Toast (1 slice),Grain,80,4.0,14.0,1.0,2.0,2.0,140,0,Breakfast,0,40.0,4.44,0.0,0.0,0.0,0.0,0.0,0.0,177.60000000000002,0.0,0.0,0.0,0.0,0.0,0.0,0.0,0.0,0.0,0.0,0.0,0.0,1.1119999999999999,0.0,0.0,0.0,0.0,0.0,0.0
Coffee (black),Beverage,5,0.3,0.0,0.1,0.0,0.0,5,0,Breakfast,0,100.0,0.0,0.0,0.0,0.0,0.0,0.0,0.0,0.0,0.0,0.0,0.0,0.0,0.0,0.0,0.0,0.0,0.0,0.0,0.0,0.0,0.0,0.0,0.0,0.0,0.0,0.0,0.0
Banana,Fruit,105,1.3,27.0,0.4,3.1,14.0,1,0,Breakfast,0,100.0,6.2,0.0,125.0,1.12,0.0,0.0,0.0,594.0,0.0,0.0,0.0,0.0,0.0,0.0,0.0,15.0,0.0,0.0,0.0,0.0,0.0,3.12,3.12,0.0,0.0,0.0,0.0
Grilled Chicken Salad,Meal/Protein,350,30.0,10.0,20.0,5.0,4.0,400,80,Lunch,500,100.0,1.0,0.0,48.0,0.65,0.0,0.0,0.0,230.0,0.0,0.0,0.056,0.083,3.7,0.0,0.0,10.2,0.0,0.0,0.0,0.0,1.24,1.01,0.431,0.091,28.0,0.0,0.0
Apple,Fruit,95,0.5,25.0,0.3,4.4,19.0,2,0,Snack,0,100.0,3.2,0.0,0.0,0.23,0.0,0.0,110.0,0.0,0.0,0.0,0.0,0.0,0.0,0.0,0.0,3.1,0.0,0.0,0.0,0.0,0.0,0.0,0.0,0.0,0.0,0.0,0.0
Salmon (4oz grilled),Protein/Fish,230,25.0,0.0,14.0,0.0,0.0,60,60,Dinner,250,113.4,0.0,0.0,15.876000000000001,0.86184,0.0,0.0,0.0,71.44200000000001,0.0,0.0,0.0,0.0,0.0,0.0,0.0,0.0,0.0,0.0,0.0,0.0,2.7896400000000003,0.0,0.0,0.0,63.504000000000005,0.0,0.0
Quinoa (1 cup cooked),Grain,222,8.0,39.0,3.6,5.0,1.0,13,0,Dinner,0,240.0,5.04,0.0,33.6,1.8479999999999999,0.0,0.0,0.0,376.8,0.0,0.0,0.0,0.0,0.0,0.0,0.0,8.16,0.0,0.0,0.0,0.0,0.864,0.0,0.0,0.0,0.0,0.0,0.0
Steamed Broccoli (1 cup),Vegetable,55,3.7,11.2,0.6,5.1,2.0,40,0,Dinner,0,240.0,0.0,0.0,180.0,14.016,55.199999999999996,295.2,472.79999999999995,259.2,119.39999999999999,38.4,0.045599999999999995,0.2592,2.6688,0.084,0.0,0.0,0.0,2.592,3.12,16.8,1.44,0.768,1.6032,0.0,122.39999999999999,0.0,0.0
Greek Yogurt (plain 1 cup),Dairy,150,25.0,8.0,3.0,0.0,7.0,85,10,Snack,250,240.0,7.919999999999999,0.0,319.2,0.0,0.0,0.0,0.0,79.2,0.0,0.0,0.0,0.0,0.0,0.0,0.0,0.0,0.0,0.0,0.0,0.0,40.08,0.0,0.0,0.0,0.0,0.0,0.0
Oatmeal (1 cup cooked),Grain,160,6.0,28.0,3.0,4.0,1.0,2,0,Breakfast,250,240.0,26.639999999999997,0.0,105.6,9.6,0.0,0.0,0.0,0.0,0.0,0.0,0.0,0.0,0.0,0.0,0.0,0.0,0.0,0.0,0.0,0.0,2.664,0.0,0.0,0.0,0.0,0.0,0.0
Blueberries (1/2 cup),Fruit,42,0.5,11.0,0.2,1.8,7.0,1,0,Breakfast,0,120.0,3.48,0.0,8.4,0.252,0.0,0.0,68.39999999999999,0.0,0.0,0.0,0.0,0.0,0.0,0.0,0.0,0.0,0.0,0.0,0.0,0.0,0.0,0.0,0.0,0.0,0.0,0.0,0.0
Almonds (1 oz),Nut,164,6.0,6.0,14.0,3.5,1.0,1,0,Snack,0,28.4,2.84,0.0,94.57199999999999,1.0224,0.0,0.0,0.0,104.228,0.0,0.0,0.0,0.0,0.0,0.0,0.0,0.0,0.0,0.0,0.0,0.0,1.42,0.0,0.0,0.0,0.0,0.0,0.0
Turkey Sandwich (on wheat),Meal/Processed,340,22.0,34.0,12.0,5.0,6.0,850,50,Lunch,500,100.0,2.6,0.0,132.0,4.77,0.0,0.0,0.0,603.0,0.0,0.0,0.0,0.0,0.0,0.0,0.0,0.0,0.0,0.0,0.0,0.0,1.66,0.0,0.0,0.0,26.0,0.0,0.0
Carrot Sticks (1 cup),Vegetable,52,1.2,12.3,0.3,3.6,6.0,88,0,Snack,0,240.0,5.76,11.304,57.599999999999994,1.008,0.0,0.0,592.8,170.4,0.0,0.0,0.0,0.0,0.0,0.0,0.0,0.0,0.0,0.0,0.0,0.0,0.0,0.0,0.0,0.0,0.0,0.0,0.0
Spaghetti Bolognese,Meal/Pasta,460,20.0,55.0,18.0,6.0,10.0,700,50,Dinner,250,100.0,0.5,0.0,46.0,1.02,0.0,0.0,122.0,259.0,0.0,0.0,0.0,0.0,0.0,0.0,0.0,0.0,0.0,0.0,0.0,0.0,2.28,0.0,0.0,0.25,18.0,0.0,0.0
Side Salad (light dressing),Vegetable,70,2.0,8.0,4.0,3.0,3.0,150,0,Dinner,0,100.0,1.6,0.0,24.0,0.65,0.0,0.0,220.0,12.0,0.0,0.0,0.045,0.038,0.208,0.0,0.0,15.7,0.0,0.0,0.0,57.0,0.02,0.006,0.079,0.0,0.0,0.0,0.0
Protein Shake (Whey),Supplement,120,24.0,3.0,1.0,1.0,2.0,160,5,Snack,500,100.0,0.3,0.0,141.0,1.27,2.0,85.0,175.0,73.0,0.0,0.0,0.0,0.0,0.0,0.0,0.0,0.0,0.0,0.0,0.0,0.0,0.28,1.41,0.42,0.0,0.0,0.0,0.0
Cereal (Frosted Flakes 1 cup),Grain/Processed,130,2.0,31.0,0.0,1.0,11.0,190,0,Breakfast,0,240.0,13.44,0.0,866.4,24.0,105.6,400.8,667.1999999999999,1000.8,19.992,600.0,2.4,1.1327999999999998,13.344,2.664,7.992,40.08,14.399999999999999,0.0,0.0,532.8,0.0,0.0,0.0,0.0,0.0,0.0,0.0
Milk (2% - 1 cup),Dairy,122,8.0,12.0,5.0,0.0,12.0,100,20,Breakfast,0,240.0,0.0,0.0,304.8,0.0,0.0,0.0,0.0,132.0,0.0,0.0,0.0,0.0,0.0,0.0,0.0,2.4,100.8,0.0,0.0,0.0,3.048,0.0,0.0,0.0,19.2,0.0,0.0
Lentil Soup (1 can),Meal/Legume,230,15.0,35.0,3.0,12.0,6.0,650,0,Lunch,250,350.0,10.15,0.0,28.0,3.8500000000000005,0.0,0.0,0.0,987.0,0.0,0.0,0.0,0.0,0.0,0.0,0.0,1.75,0.0,0.0,0.0,0.0,0.0,0.0,0.0,0.0,0.0,0.0,0.0
White Rice (1 cup cooked),Grain,204,4.2,44.5,0.4,0.6,0.1,2,0,Dinner,0,240.0,5.28,0.0,0.0,5.328,0.0,0.0,266.4,0.0,0.0,0.0,0.0,0.0,10.656,0.0,0.0,0.0,0.0,0.0,0.0,376.8,0.0,0.0,0.0,0.0,0.0,0.0,0.0
Tofu Stir-fry,Meal/Vegetarian,400,18.0,30.0,22.0,7.0,9.0,500,0,Dinner,250,100.0,2.8,0.0,35.0,1.01,17.0,47.0,244.0,146.0,0.38,231.0,0.054,0.093,0.771,0.194,0.0,35.3,0.0,0.85,39.3,34.0,0.712,0.92,0.814,0.0,2.0,0.0,0.0
Orange,Fruit,62,1.2,15.4,0.2,3.1,12.0,0,0,Snack,0,100.0,0.0,0.0,0.0,0.0,0.0,0.0,0.0,381.0,0.0,0.0,0.0,0.0,0.0,0.0,0.0,0.0,0.0,0.0,0.0,0.0,0.0,0.0,0.0,0.0,0.0,0.0,0.0
Bagel (plain),Grain,270,11.0,55.0,1.5,2.0,5.0,430,0,Breakfast,250,100.0,1.6,0.0,70.0,3.57,29.0,99.0,107.0,422.0,0.83,0.0,0.568,0.344,4.515,0.07,0.0,0.0,0.0,0.32,0.2,106.0,0.36,0.39,0.526,0.0,0.0,0.0,0.0
Cream Cheese (2 tbsp),Dairy,100,2.0,2.0,10.0,0.0,1.0,90,30,Breakfast,0,15.0,0.0,0.0,14.399999999999999,0.0,0.0,0.0,0.0,50.85,0.0,0.0,0.0,0.0,0.0,0.0,0.0,0.0,0.0,0.0,0.0,0.0,3.2099999999999995,0.0,0.0,0.0,16.05,0.0,0.0
Tuna Salad (1/2 cup),Meal/Fish,190,19.0,2.0,12.0,1.0,1.0,400,30,Lunch,500,120.0,0.0,0.0,24.0,0.432,0.0,0.0,0.0,588.0,0.0,0.0,0.0,0.0,0.0,0.0,0.0,1.44,0.0,0.0,0.0,0.0,3.5999999999999996,0.0,0.0,0.0,48.0,0.0,0.0
Crackers (5 whole wheat),Grain/Processed,90,2.0,14.0,3.0,2.0,0.0,180,0,Lunch,0,100.0,0.0,0.0,72.0,5.18,0.0,0.0,0.0,935.0,0.0,0.0,0.0,0.489,5.76,0.0,0.0,0.0,0.0,0.0,0.0,0.0,10.8,7.19,1.8,0.0,0.0,0.0,0.0
Beef Steak (6oz sirloin),Protein/Meat,270,42.0,0.0,10.0,0.0,0.0,90,115,Dinner,250,170.1,0.0,0.0,0.0,10.937429999999999,0.0,0.0,0.0,4677.75,0.0,0.0,0.0,0.0,0.0,0.0,0.0,0.0,0.0,0.0,0.0,0.0,3.04479,0.0,0.0,0.0,182.00699999999998,0.0,0.0
Baked Potato (medium),Vegetable,160,4.3,36.0,0.2,3.8,1.0,17,0,Dinner,0,150.0,2.25,0.0,7.5,0.5249999999999999,37.5,75.0,583.5,271.5,0.43499999999999994,0.0,0.1575,0.0315,2.0835,0.44999999999999996,0.0,19.049999999999997,0.0,0.06,0.44999999999999996,13.5,0.039,0.003,0.0645,0.0,0.0,0.0,0.0
Ice Cream (1/2 cup vanilla),Dairy/Dessert,145,2.5,17.0,7.5,0.5,16.0,55,30,Snack,0,120.0,0.0,0.0,147.6,0.0,0.0,0.0,222.0,64.8,0.0,0.0,0.0,0.0,0.0,0.0,0.0,0.0,0.0,0.0,0.0,0.0,7.38,3.6959999999999997,0.0,0.0,45.6,0.0,0.0
Pizza (1 slice pepperoni),Meal/Processed,290,12.0,34.0,12.0,2.0,4.0,720,35,Dinner,250,40.0,0.32000000000000006,0.0,30.400000000000002,0.328,0.0,0.0,0.0,160.8,0.0,0.0,0.0,0.0,0.0,0.0,0.0,1.08,0.0,0.0,0.0,0.0,2.12,0.0,0.0,0.0,12.0,0.0,0.0
Avocado Toast (1 slice),Meal/Vegetarian,260,7.0,28.0,15.0,10.0,1.0,350,0,Breakfast,500,40.0,0.04000000000000001,0.0,13.600000000000001,0.13999999999999999,2.8000000000000003,12.4,23.200000000000003,346.8,0.1,4.0,0.008,0.020000000000000004,0.05600000000000001,0.004,0.0,0.08000000000000002,0.0,1.8399999999999999,38.68000000000001,1.6,2.3912,3.7692,9.266,0.0,16.0,0.0,0.0
Hard-Boiled Egg (1 large),Protein,78,6.3,0.6,5.3,0.0,0.5,62,187,Snack,0,200.0,0.0,0.0,100.0,2.38,20.0,344.0,252.0,248.0,2.1,298.0,0.132,1.026,0.128,0.242,2.22,0.0,4.4,2.06,0.6,88.0,6.54,8.16,2.82,0.0,746.0,0.0,0.0
Chicken Wrap (with tortilla),Meal/Processed,410,25.0,38.0,17.0,5.0,3.0,780,60,Lunch,250,100.0,1.3,0.0,149.0,1.41,18.0,200.0,177.0,603.0,1.0,38.0,0.178,0.189,3.682,0.11,0.0,0.5,0.4,0.66,29.4,38.0,4.511,4.101,6.608,0.0,48.0,0.0,0.0
Grapes (1 cup),Fruit,104,1.1,27.0,0.2,1.4,23.0,3,0,Snack,0,240.0,4.32,0.0,43.199999999999996,0.84,0.0,0.0,463.2,0.0,0.0,0.0,0.0,0.0,0.0,0.0,0.0,0.0,0.0,0.0,0.0,0.0,0.0,0.0,0.0,0.0,0.0,0.0,0.0
Cottage Cheese (1/2 cup),Dairy,90,12.0,5.0,3.0,0.0,4.0,400,10,Snack,0,120.0,0.0,0.0,105.6,0.0,0.0,0.0,127.19999999999999,520.8,0.0,0.0,0.0,0.0,0.0,0.0,0.0,0.0,0.0,0.0,0.0,0.0,3.7199999999999998,0.0,0.0,0.0,26.4,0.0,0.0
Burger (cheeseburger),Meal/Processed,550,30.0,40.0,30.0,3.0,7.0,1100,90,Dinner,500,100.0,5.9,0.0,0.0,0.0,0.0,0.0,206.0,3180.0,0.0,0.0,0.0,0.0,0.0,0.0,0.0,0.0,0.0,0.0,0.0,0.0,0.0,0.0,0.0,0.0,0.0,0.0,0.0
French Fries (medium),Vegetable/Processed,340,4.0,44.0,17.0,4.0,0.3,230,0,Dinner,0,150.0,3.5999999999999996,0.0,0.0,0.645,0.0,0.0,0.0,72.0,0.0,0.0,0.0,0.0,0.0,0.0,0.0,4.35,0.0,0.0,0.0,0.0,3.57,5.3549999999999995,3.57,0.0,0.0,0.0,0.0
Protein Bar,Supplement/Processed,210,20.0,22.0,7.0,6.0,1.0,180,5,Snack,500,100.0,18.5,0.0,462.0,0.55,0.0,0.0,246.0,354.0,0.0,0.0,0.0,0.0,0.0,0.0,0.0,0.0,0.0,0.0,0.0,0.0,0.0,0.0,0.0,0.0,15.0,0.0,0.0
Black Beans (1/2 cup),Legume,114,7.6,20.4,0.5,7.5,0.3,1,0,Lunch,0,120.0,4.56,0.0,37.199999999999996,1.332,0.0,0.0,0.0,120.0,0.0,0.0,0.0,0.0,0.0,0.0,0.0,0.0,0.0,0.0,0.0,0.0,0.0,0.0,0.0,0.0,0.0,0.0,0.0
Salsa (1/4 cup),Vegetable,20,0.8,4.5,0.1,1.0,3.0,250,0,Lunch,0,60.0,0.0,0.0,0.0,0.0,0.0,0.0,0.0,90.0,0.0,0.0,0.0,0.0,0.0,0.0,0.0,12.0,0.0,0.0,0.0,0.0,0.0,0.0,0.0,0.0,0.0,0.0,0.0
Chicken Noodle Soup (1 can),Meal/Processed,150,7.0,18.0,5.0,2.0,2.0,890,15,Lunch,250,350.0,1.4000000000000001,0.0,28.0,2.1,0.0,0.0,0.0,700.0,0.0,0.0,0.0,0.0,0.0,0.0,0.0,1.75,0.0,0.0,0.0,0.0,0.735,0.0,0.0,0.0,101.5,0.0,0.0
Peanut Butter (2 tbsp),Nut,190,7.0,8.0,16.0,2.0,3.0,140,0,Snack,0,15.0,0.75,0.0,7.35,0.261,25.2,50.25,83.7,63.9,0.37649999999999995,0.0,0.0225,0.0288,1.9667999999999999,0.06615,0.0,0.0,0.0,1.365,0.045,13.049999999999999,1.5487499999999998,3.8911499999999997,1.88025,0.0,0.0,0.0,0.0
Celery Sticks (1 cup),Vegetable,14,0.6,3.0,0.2,1.4,1.2,77,0,Snack,0,240.0,2.88,0.0,84.0,0.48,0.0,0.0,621.6,196.79999999999998,0.0,0.0,0.0,0.0,0.0,0.0,0.0,0.0,0.0,0.0,0.0,0.0,0.0,0.0,0.0,0.0,0.0,0.0,0.0
Cod (4oz baked),Protein/Fish,95,20.0,0.0,0.8,0.0,0.0,95,55,Dinner,250,113.4,0.6804,0.0,39.690000000000005,0.9639000000000001,0.0,0.0,0.0,474.01200000000006,0.0,0.0,0.0,0.0,0.0,0.0,0.0,3.9690000000000003,0.0,0.0,0.0,0.0,0.66906,0.0,0.0,0.0,36.288000000000004,0.0,0.0
Green Beans (1 cup),Vegetable,31,1.8,7.0,0.2,2.7,3.3,6,0,Dinner,0,240.0,5.76,0.0,112.8,2.04,0.0,0.0,0.0,14.399999999999999,0.0,0.0,0.0,0.0,0.0,0.0,0.0,25.439999999999998,0.0,0.0,0.0,0.0,0.0,0.0,0.0,0.0,0.0,0.0,0.0
Chocolate Chip Cookie (1 large),Dessert,220,2.5,30.0,11.0,1.5,19.0,160,20,Snack,0,200.0,4.8,0.0,48.0,4.7,0.0,0.0,236.0,1036.0,0.0,0.0,0.0,0.0,0.0,0.0,0.0,0.0,0.0,0.0,0.0,0.0,21.2,0.0,0.0,0.0,24.0,0.0,0.0
Shrimp (3oz steamed),Protein/Fish,84,20.0,0.2,0.2,0.0,0.0,100,161,Dinner,250,85.1,0.0,0.0,60.421,0.35741999999999996,0.0,0.0,0.0,420.394,0.0,0.0,0.0,0.0,0.0,0.0,0.0,0.0,0.0,0.0,0.0,0.0,0.0,0.0,0.0,0.0,95.312,0.0,0.0
Pancakes (2 medium),Grain,180,5.0,30.0,5.0,1.0,6.0,450,25,Breakfast,0,150.0,2.4000000000000004,0.0,145.5,0.0,0.0,0.0,0.0,573.0,0.0,0.0,0.0,0.0,0.0,0.0,0.0,0.0,0.0,0.0,0.0,0.0,1.215,0.0,0.0,0.0,78.0,0.0,0.0
Maple Syrup (2 tbsp),Condiment,104,0.0,27.0,0.0,0.0,24.0,2,0,Breakfast,0,15.0,0.0,0.0,15.0,0.0,0.0,0.0,42.449999999999996,0.3,0.0,0.0,0.0,0.0,0.0,0.0,0.0,0.0,0.0,0.0,0.0,0.0,0.0,0.0,0.0,0.0,0.0,0.0,0.0
Sausage Link (1 cooked),Protein/Meat,85,5.0,1.0,7.0,0.0,0.5,300,20,Breakfast,0,45.0,0.0,0.0,4.95,0.2655,4.95,70.65,217.35,372.15000000000003,0.5895,0.0,0.0954,0.081,1.2645,0.08055,0.0,0.0,0.49500000000000005,0.1125,0.0,0.45,4.189500000000001,5.04,1.6335,0.0711,27.45,0.07605,1.431
Smoothie (Fruit & Yogurt),Beverage/Meal,280,12.0,55.0,3.0,7.0,40.0,70,5,Breakfast,250,100.0,2.8,0.0,73.0,0.41,31.0,73.0,349.0,38.0,0.51,75.0,0.064,0.143,0.796,0.157,0.0,8.1,0.5,1.12,85.4,50.0,1.391,3.919,0.746,0.0,4.0,0.0,0.0
Tofu (4oz firm),Protein/Vegetarian,90,10.0,3.0,5.0,2.0,1.0,10,0,Lunch,0,113.4,0.0,0.0,0.0,0.0,0.0,0.0,0.0,0.0,0.0,0.0,0.0,0.0,0.0,0.0,0.0,0.0,0.0,0.0,0.0,0.0,0.0,0.0,0.0,0.0,0.0,0.0,0.0
Brown Rice (1 cup cooked),Grain,215,5.0,45.0,1.8,3.5,0.4,10,0,Lunch,0,240.0,11.52,0.0,24.0,5.712,0.0,0.0,600.0,0.0,0.0,0.0,0.0,0.0,0.0,0.0,0.0,0.0,0.0,0.0,0.0,0.0,0.0,0.0,0.0,0.0,0.0,0.0,0.0
Bell Pepper (1 medium red),Vegetable,31,1.2,6.0,0.3,2.1,4.2,4,0,Lunch,0,150.0,1.4129999999999998,0.0,11.25,0.279,13.5,25.200000000000003,244.5,0.0,0.189,0.0,0.05865000000000001,0.1332,0.954,0.3705,0.0,149.25,0.0,0.0,0.0,33.3,0.0,0.0,0.0,0.0,0.0,0.0,0.0
Hummus (2 tbsp),Legume,70,2.0,4.0,5.0,2.0,0.0,130,0,Snack,0,15.0,1.065,0.0,10.65,0.1935,0.0,0.0,0.0,69.6,0.0,0.0,0.0,0.0,0.0,0.0,0.0,1.2899999999999998,0.0,0.0,0.0,0.0,0.5355,0.0,0.0,0.0,0.0,0.0,0.0
Pita Bread (1 whole wheat),Grain,170,6.0,35.0,1.5,5.0,2.0,320,0,Snack,0,100.0,5.1,0.0,154.0,2.77,0.0,0.0,0.0,308.0,0.0,0.0,0.0,0.0,0.0,0.0,0.0,0.0,0.0,0.0,0.0,0.0,0.0,0.0,0.0,0.0,0.0,0.0,0.0
Pork Chop (4oz grilled),Protein/Meat,220,30.0,0.0,10.0,0.0,0.0,70,85,Dinner,250,113.4,1.1340000000000001,0.0,17.01,0.8278200000000001,24.948000000000004,197.31600000000003,332.26200000000006,469.47600000000006,1.5195600000000002,31.752000000000002,0.508032,0.18484200000000003,6.552252,0.46607400000000004,0.0,0.3402,0.45360000000000006,0.48762000000000005,3.5154000000000005,39.690000000000005,3.0255120000000004,4.37157,1.9107900000000002,0.0,52.16400000000001,0.0,0.0
Mashed Potatoes (1 cup),Vegetable,230,4.0,35.0,8.0,3.0,2.0,350,15,Dinner,0,240.0,0.0,0.0,0.0,0.0,0.0,0.0,0.0,0.0,0.0,0.0,0.0,0.0,0.0,0.0,0.0,0.0,0.0,0.0,0.0,0.0,0.0,0.0,0.0,0.0,0.0,0.0,0.0
Corn (1 cup),Vegetable,132,4.7,30.0,1.8,3.6,8.9,2,0,Dinner,0,240.0,14.639999999999999,0.0,146.4,2.904,0.0,0.0,0.0,364.8,0.0,0.0,0.0,0.0,0.0,0.0,0.0,0.0,0.0,0.0,0.0,0.0,10.92,0.0,0.0,0.0,0.0,0.0,0.0
Soda (1 can Coke),Beverage,140,0.0,39.0,0.0,0.0,39.0,45,0,Snack,355,350.0,0.0,0.0,0.0,0.0,0.0,0.0,0.0,52.5,0.0,0.0,0.0,0.0,0.0,0.0,0.0,0.0,0.0,0.0,0.0,0.0,0.0,0.0,0.0,0.0,0.0,0.0,0.0
Pretzels (1 oz),Grain/Processed,110,3.0,23.0,1.0,1.0,1.0,450,0,Snack,0,28.4,1.0224,0.0,0.0,0.0,0.0,0.0,0.0,366.35999999999996,0.0,0.0,0.0,0.0,0.0,0.0,0.0,0.0,0.0,0.0,0.0,0.0,0.0,0.0,0.0,0.0,0.0,0.0,0.0
Cheddar Cheese (1 oz),Dairy,115,7.0,1.0,9.5,0.0,0.5,180,30,Snack,0,28.4,0.0,0.0,202.77599999999998,0.0,0.0,0.0,0.0,192.83599999999998,0.0,0.0,0.0,0.0,0.0,0.0,0.0,0.0,0.0,0.0,0.0,0.0,6.0775999999999994,0.0,0.0,0.0,25.275999999999996,0.0,0.0
Caesar Salad (with chicken),Meal/Protein,470,30.0,15.0,30.0,3.0,3.0,890,75,Lunch,250,100.0,2.0,0.0,157.0,1.06,0.0,0.0,0.0,398.0,0.0,0.0,0.0,0.0,0.0,0.0,0.0,16.5,0.0,0.0,0.0,0.0,3.15,0.0,0.0,0.0,8.0,0.0,0.0
Orange Juice (1 cup),Beverage,112,1.7,25.8,0.5,0.7,20.8,2,0,Breakfast,240,240.0,0.0,0.0,350.4,0.0,24.0,0.0,451.2,0.0,0.0,0.0,0.0,0.0,0.4008,0.0792,0.0,60.0,100.8,0.0,0.0,60.0,0.0,0.0,0.0,0.0,0.0,0.0,0.0
Bacon (2 slices cooked),Protein/Meat,86,6.0,0.2,6.8,0.0,0.1,330,18,Breakfast,0,40.0,0.0,0.0,0.0,0.0,0.0,0.0,0.0,314.40000000000003,0.0,0.0,0.0,0.0,0.0,0.0,0.0,0.0,0.0,0.0,0.0,0.0,7.16,0.0,0.0,0.0,28.400000000000002,0.0,0.0
Waffles (2 homemade),Grain,220,6.0,28.0,9.0,1.5,3.0,420,45,Breakfast,0,100.0,1.4,0.0,0.0,0.51,0.0,0.0,0.0,500.0,0.0,0.0,0.0,0.0,0.0,0.0,0.0,0.0,0.0,0.0,0.0,0.0,1.43,2.86,5.71,0.0,0.0,0.0,0.0
Pear,Fruit,101,0.6,27.0,0.2,5.5,16.0,2,0,Snack,0,100.0,3.1,0.0,9.0,0.18,7.0,11.0,104.0,3.0,0.09,1.0,0.012,0.026,0.162,0.028,0.0,4.3,0.0,0.12,4.2,7.0,0.022,0.084,0.094,0.0,0.0,0.0,0.0
Chicken Breast (4oz roasted),Protein/Meat,185,35.0,0.0,4.0,0.0,0.0,80,95,Lunch,500,113.4,0.0,0.0,179.17200000000003,0.43092,0.0,0.0,0.0,491.02200000000005,0.0,0.0,0.0,0.0,0.0,0.0,0.0,1.9278000000000002,0.0,0.0,0.0,0.0,5.193720000000001,0.0,0.0,0.0,75.97800000000001,0.0,0.0
Mixed Nuts (1/4 cup),Nut,200,6.0,8.0,18.0,3.0,2.0,1,0,Snack,0,60.0,4.26,0.0,75.0,2.784,0.0,0.0,385.8,171.6,0.0,0.0,0.0,0.0,0.0,0.0,0.0,0.0,0.0,0.0,0.0,0.0,4.284,17.16,8.58,0.0,0.0,0.0,0.0
Tilapia (4oz baked),Protein/Fish,110,22.0,0.0,2.5,0.0,0.0,50,50,Dinner,0,113.4,0.0,0.0,0.0,0.0,0.0,0.0,396.90000000000003,34.02,0.0,0.0,0.0,0.0,0.0,0.0,0.0,0.0,0.0,0.0,0.0,0.0,0.5670000000000001,0.0,0.0,0.0,22.680000000000003,0.0,0.0
Asparagus (1 cup steamed),Vegetable,40,4.3,7.4,0.4,3.6,3.5,4,0,Dinner,0,240.0,5.76,0.0,57.599999999999994,5.64,0.0,0.0,484.79999999999995,0.0,0.0,0.0,0.0,0.0,0.0,0.0,0.0,0.0,0.0,0.0,0.0,0.0,0.0,0.0,0.0,0.0,0.0,0.0,0.0
Sweet Potato (1 medium baked),Vegetable,103,2.3,23.6,0.2,3.8,7.4,41,0,Dinner,0,150.0,2.8499999999999996,0.0,39.0,0.8699999999999999,0.0,0.0,0.0,259.5,0.0,0.0,0.0,0.0,0.0,0.0,0.0,7.199999999999999,0.0,0.0,0.0,0.0,0.48,0.0,0.0,0.0,21.0,0.0,0.0
Popcorn (3 cups air-popped),Grain,93,3.0,18.6,1.1,3.6,0.1,2,0,Snack,250,240.0,28.32,0.0,0.0,6.768,0.0,0.0,0.0,0.0,0.0,0.0,0.0,0.0,0.0,0.0,0.0,0.0,0.0,0.0,0.0,0.0,0.0,2.352,7.056,0.0,0.0,0.0,0.0
Raisins (1/4 cup),Fruit,130,1.3,34.0,0.2,1.6,25.0,5,0,Snack,0,60.0,2.6999999999999997,0.0,37.199999999999996,1.074,21.599999999999998,58.8,446.4,15.6,0.216,0.0,0.06359999999999999,0.075,0.4596,0.10439999999999999,0.0,1.38,0.0,0.072,2.1,3.0,0.0564,0.0144,0.031799999999999995,0.0,0.0,0.0,0.0
Macaroni & Cheese (1 cup),Meal/Pasta,350,10.0,40.0,17.0,2.0,5.0,750,40,Lunch,250,240.0,0.96,0.0,168.0,1.056,0.0,0.0,170.4,1077.6,0.0,0.0,0.0,0.0,0.0,0.0,0.0,0.0,0.0,0.0,0.0,0.0,6.4079999999999995,0.0,0.0,0.0,31.2,0.0,0.0
Tomato Soup (1 can),Meal/Vegetable,170,4.0,25.0,6.0,4.0,15.0,900,10,Lunch,0,350.0,2.4499999999999997,0.0,24.5,0.9800000000000001,0.0,0.0,1078.0,791.0,0.0,0.0,0.0,0.0,0.0,0.0,0.0,0.0,0.0,0.0,0.0,0.0,0.42,0.0,0.0,0.0,0.0,0.0,0.0
Grilled Cheese Sandwich,Meal/Processed,390,15.0,32.0,22.0,3.0,4.0,800,60,Lunch,0,100.0,2.6,0.0,224.0,2.31,0.0,0.0,0.0,571.0,0.0,0.0,0.0,0.0,0.0,0.0,0.0,5.8,0.0,0.0,0.0,0.0,5.77,0.0,0.0,0.0,29.0,0.0,0.0
Beef Tacos (2 hard shell),Meal/Meat,380,18.0,28.0,22.0,5.0,3.0,600,50,Dinner,500,100.0,0.9,0.0,130.0,1.12,17.0,160.0,273.0,473.0,2.65,69.0,0.054,0.154,2.255,0.206,0.0,6.6,0.1,0.75,5.8,15.0,5.26,3.836,0.405,0.0,44.0,0.0,0.0
Refried Beans (1/2 cup),Legume,115,7.0,19.0,1.0,6.0,1.0,480,0,Dinner,0,120.0,4.44,0.0,34.8,1.728,42.0,110.39999999999999,382.8,444.0,0.696,0.0,0.08639999999999999,0.09,0.41879999999999995,0.1176,0.0,6.84,0.0,0.108,2.52,12.0,0.7572,0.7212,0.6516000000000001,0.0,0.0,0.0,0.0
Guacamole (1/4 cup),Vegetable/Condiment,90,1.0,4.0,8.0,3.0,0.5,120,0,Dinner,0,60.0,4.02,0.0,0.0,0.0,0.0,0.0,300.0,229.79999999999998,0.0,0.0,0.0,0.0,0.0,0.1602,0.0,7.199999999999999,0.0,0.0,12.78,48.0,1.002,0.0,0.0,0.0,0.0,0.0,0.0
Watermelon (1 cup diced),Fruit,46,0.9,11.5,0.2,0.6,9.4,2,0,Snack,0,240.0,0.96,0.0,0.0,0.0,0.0,0.0,0.0,0.0,0.0,0.0,0.0,0.0,0.0,0.0,0.0,0.0,0.0,0.0,0.0,0.0,0.0,0.0,0.0,0.0,0.0,0.0,0.0
English Muffin (whole wheat),Grain,134,6.0,26.0,1.0,4.4,1.0,210,0,Breakfast,250,100.0,1.6,0.0,233.0,2.09,0.0,0.0,0.0,605.0,0.0,0.0,0.0,0.0,0.0,0.0,0.0,0.9,0.0,0.0,0.0,0.0,3.88,0.0,0.0,0.0,105.0,0.0,0.0
Peanut Butter & Jelly Sandwich,Meal/Processed,390,12.0,50.0,17.0,5.0,20.0,450,0,Lunch,250,100.0,2.8,0.0,128.0,2.33,64.0,157.0,232.0,368.0,1.19,0.0,0.315,0.188,6.303,0.179,0.0,0.2,0.0,2.72,0.2,85.0,3.391,7.796,4.584,0.0,0.0,0.0,0.0
Clam Chowder (1 cup),Meal/Seafood,200,10.0,18.0,9.0,1.0,2.0,870,30,Lunch,0,240.0,0.96,0.0,98.39999999999999,0.696,0.0,0.0,0.0,696.0,0.0,0.0,0.0,0.0,0.0,0.0,0.0,8.88,0.0,0.0,0.0,0.0,12.743999999999998,0.0,0.0,0.0,84.0,0.0,0.0
Iced Tea (Sweetened 16oz),Beverage,180,0.0,46.0,0.0,0.0,46.0,15,0,Snack,500,453.6,0.0,0.0,0.0,0.0,0.0,0.0,0.0,0.0,0.0,0.0,0.0,0.0,0.0,0.0,0.0,0.0,0.0,0.0,0.0,0.0,0.0,0.0,0.0,0.0,0.0,0.0,0.0
Lasagna (1 serving meat),Meal/Pasta,350,20.0,30.0,17.0,4.0,7.0,850,55,Dinner,250,100.0,0.9,0.0,92.0,0.83,0.0,0.0,0.0,203.0,0.0,62.0,0.0,0.0,0.0,0.0,0.0,6.9,0.0,0.0,0.0,0.0,2.3,0.0,0.0,0.0,18.0,0.0,0.0
Garlic Bread (1 slice),Grain,150,4.0,18.0,7.0,1.0,1.0,310,0,Dinner,0,40.0,0.7200000000000001,0.0,0.0,1.012,0.0,0.0,0.0,168.4,0.0,0.0,0.0,0.0,0.0,0.0,0.0,0.0,0.0,0.0,0.0,0.0,1.052,0.0,0.0,0.0,3.6,0.0,0.0
Chocolate Milk (1 cup),Beverage/Dairy,200,8.0,26.0,8.0,1.0,24.0,160,30,Snack,0,240.0,0.96,0.0,300.0,0.6,0.0,0.0,470.4,211.2,0.0,0.0,0.0,0.0,0.0,0.0,0.0,0.0,0.0,0.0,0.0,0.0,4.992,0.0,0.0,0.0,36.0,0.0,0.0
White Bread (1 slice),Grain,70,2.0,13.0,1.0,0.6,1.2,140,0,Breakfast,0,40.0,0.8,0.0,48.0,0.8640000000000001,0.0,0.0,40.0,184.0,0.0,0.0,0.0,0.10880000000000001,1.6,0.0,0.0,0.0,0.0,0.0,0.0,0.0,0.0,0.0,0.8,0.0,0.0,0.0,0.0
Jelly (1 tbsp grape),Condiment,50,0.0,13.0,0.0,0.1,12.0,5,0,Breakfast,0,15.0,0.15,0.0,1.05,0.028499999999999998,0.8999999999999999,0.8999999999999999,8.1,4.5,0.0045,0.0,0.00015,0.0039,0.005399999999999999,0.003,0.0,0.135,0.0,0.0,0.045,0.3,0.00075,0.00015,0.0006,0.0,0.0,0.0,0.0
Veggie Burger (1 patty),Protein/Vegetarian,120,11.0,10.0,4.0,5.0,1.0,350,0,Lunch,250,100.0,5.3,0.0,59.0,1.45,0.0,0.0,457.0,300.0,0.0,0.0,0.0,0.0,0.0,0.0,0.0,0.0,0.0,0.0,0.0,0.0,1.45,0.0,0.0,0.0,0.0,0.0,0.0
Bun (hamburger),Grain,140,4.0,26.0,2.0,1.0,4.0,260,0,Lunch,0,100.0,1.2,0.0,140.0,2.86,20.0,152.0,162.0,354.0,0.9,0.0,0.543,0.246,3.905,0.157,0.0,0.2,0.2,0.33,1.4,47.0,2.323,3.108,1.324,0.0,21.0,0.0,0.0
Ketchup (1 tbsp),Condiment,20,0.2,5.0,0.1,0.2,4.0,160,0,Lunch,0,15.0,0.045,0.0,2.1,0.058499999999999996,2.1,3.9,39.75,139.2,0.024,3.9,0.0016499999999999998,0.024900000000000002,0.21509999999999999,0.0237,0.0,0.6149999999999999,0.0,0.219,0.44999999999999996,1.3499999999999999,0.0021,0.00225,0.00615,0.0,0.0,0.0,0.0
Muffin (Blueberry 1 large),Grain/Dessert,380,5.0,55.0,16.0,2.0,30.0,350,50,Breakfast,250,200.0,2.0,0.0,0.0,1.44,0.0,0.0,0.0,320.0,0.0,0.0,0.0,0.0,0.0,0.0,0.0,0.0,0.0,0.0,0.0,0.0,0.0,0.0,0.0,0.0,0.0,0.0,0.0
Coffee (with cream/sugar),Beverage,50,0.5,5.0,3.0,0.0,4.5,10,10,Breakfast,250,100.0,0.0,0.0,0.0,0.0,0.0,0.0,0.0,0.0,0.0,0.0,0.0,0.0,0.0,0.0,0.0,0.0,0.0,0.0,0.0,0.0,0.0,0.0,0.0,0.0,0.0,0.0,0.0
Potato Chips (1 oz),Snack/Processed,160,2.0,15.0,10.0,1.0,0.5,170,0,Snack,0,28.4,1.0224,0.0,5.9639999999999995,0.0,0.0,0.0,337.96,136.88799999999998,0.0,0.0,0.0,0.0,0.0,0.0,0.0,0.0,0.0,0.0,0.0,0.0,1.01388,0.0,0.0,0.0,0.0,0.0,0.0
Tzatziki Sauce (2 tbsp),Condiment/Dairy,30,1.5,2.0,2.0,0.0,1.5,100,5,Dinner,0,15.0,0.0,0.0,19.95,0.0,0.0,0.0,0.0,12.45,0.0,0.0,0.0,0.0,0.0,0.0,0.0,0.6,0.0,0.0,0.0,0.0,0.75,0.0,0.0,0.0,2.55,0.0,0.0
Pancakes (2 medium),Grain,180,5.0,30.0,5.0,1.0,6.0,450,25,Breakfast,0,150.0,2.4000000000000004,0.0,145.5,0.0,0.0,0.0,0.0,573.0,0.0,0.0,0.0,0.0,0.0,0.0,0.0,0.0,0.0,0.0,0.0,0.0,1.215,0.0,0.0,0.0,78.0,0.0,0.0
Maple Syrup (2 tbsp),Condiment,104,0.0,27.0,0.0,0.0,24.0,2,0,Breakfast,0,15.0,0.0,0.0,15.0,0.0,0.0,0.0,42.449999999999996,0.3,0.0,0.0,0.0,0.0,0.0,0.0,0.0,0.0,0.0,0.0,0.0,0.0,0.0,0.0,0.0,0.0,0.0,0.0,0.0
Sausage Link (1 cooked),Protein/Meat,85,5.0,1.0,7.0,0.0,0.5,300,20,Breakfast,0,45.0,0.0,0.0,4.95,0.2655,4.95,70.65,217.35,372.15000000000003,0.5895,0.0,0.0954,0.081,1.2645,0.08055,0.0,0.0,0.49500000000000005,0.1125,0.0,0.45,4.189500000000001,5.04,1.6335,0.0711,27.45,0.07605,1.431
Smoothie (Fruit & Yogurt),Beverage/Meal,280,12.0,55.0,3.0,7.0,40.0,70,5,Breakfast,250,100.0,2.8,0.0,73.0,0.41,31.0,73.0,349.0,38.0,0.51,75.0,0.064,0.143,0.796,0.157,0.0,8.1,0.5,1.12,85.4,50.0,1.391,3.919,0.746,0.0,4.0,0.0,0.0
Tofu (4oz firm),Protein/Vegetarian,90,10.0,3.0,5.0,2.0,1.0,10,0,Lunch,0,113.4,0.0,0.0,0.0,0.0,0.0,0.0,0.0,0.0,0.0,0.0,0.0,0.0,0.0,0.0,0.0,0.0,0.0,0.0,0.0,0.0,0.0,0.0,0.0,0.0,0.0,0.0,0.0
Brown Rice (1 cup cooked),Grain,215,5.0,45.0,1.8,3.5,0.4,10,0,Lunch,0,240.0,11.52,0.0,24.0,5.712,0.0,0.0,600.0,0.0,0.0,0.0,0.0,0.0,0.0,0.0,0.0,0.0,0.0,0.0,0.0,0.0,0.0,0.0,0.0,0.0,0.0,0.0,0.0
Bell Pepper (1 medium red),Vegetable,31,1.2,6.0,0.3,2.1,4.2,4,0,Lunch,0,150.0,1.4129999999999998,0.0,11.25,0.279,13.5,25.200000000000003,244.5,0.0,0.189,0.0,0.05865000000000001,0.1332,0.954,0.3705,0.0,149.25,0.0,0.0,0.0,33.3,0.0,0.0,0.0,0.0,0.0,0.0,0.0
Hummus (2 tbsp),Legume,70,2.0,4.0,5.0,2.0,0.0,130,0,Snack,0,15.0,1.065,0.0,10.65,0.1935,0.0,0.0,0.0,69.6,0.0,0.0,0.0,0.0,0.0,0.0,0.0,1.2899999999999998,0.0,0.0,0.0,0.0,0.5355,0.0,0.0,0.0,0.0,0.0,0.0
Pita Bread (1 whole wheat),Grain,170,6.0,35.0,1.5,5.0,2.0,320,0,Snack,0,100.0,5.1,0.0,154.0,2.77,0.0,0.0,0.0,308.0,0.0,0.0,0.0,0.0,0.0,0.0,0.0,0.0,0.0,0.0,0.0,0.0,0.0,0.0,0.0,0.0,0.0,0.0,0.0
Pork Chop (4oz grilled),Protein/Meat,220,30.0,0.0,10.0,0.0,0.0,70,85,Dinner,250,113.4,1.1340000000000001,0.0,17.01,0.8278200000000001,24.948000000000004,197.31600000000003,332.26200000000006,469.47600000000006,1.5195600000000002,31.752000000000002,0.508032,0.18484200000000003,6.552252,0.46607400000000004,0.0,0.3402,0.45360000000000006,0.48762000000000005,3.5154000000000005,39.690000000000005,3.0255120000000004,4.37157,1.9107900000000002,0.0,52.16400000000001,0.0,0.0
Mashed Potatoes (1 cup),Vegetable,230,4.0,35.0,8.0,3.0,2.0,350,15,Dinner,0,240.0,0.0,0.0,0.0,0.0,0.0,0.0,0.0,0.0,0.0,0.0,0.0,0.0,0.0,0.0,0.0,0.0,0.0,0.0,0.0,0.0,0.0,0.0,0.0,0.0,0.0,0.0,0.0
Corn (1 cup),Vegetable,132,4.7,30.0,1.8,3.6,8.9,2,0,Dinner,0,240.0,14.639999999999999,0.0,146.4,2.904,0.0,0.0,0.0,364.8,0.0,0.0,0.0,0.0,0.0,0.0,0.0,0.0,0.0,0.0,0.0,0.0,10.92,0.0,0.0,0.0,0.0,0.0,0.0
Soda (1 can Coke),Beverage,140,0.0,39.0,0.0,0.0,39.0,45,0,Snack,355,350.0,0.0,0.0,0.0,0.0,0.0,0.0,0.0,52.5,0.0,0.0,0.0,0.0,0.0,0.0,0.0,0.0,0.0,0.0,0.0,0.0,0.0,0.0,0.0,0.0,0.0,0.0,0.0
Pretzels (1 oz),Grain/Processed,110,3.0,23.0,1.0,1.0,1.0,450,0,Snack,0,28.4,1.0224,0.0,0.0,0.0,0.0,0.0,0.0,366.35999999999996,0.0,0.0,0.0,0.0,0.0,0.0,0.0,0.0,0.0,0.0,0.0,0.0,0.0,0.0,0.0,0.0,0.0,0.0,0.0
Cheddar Cheese (1 oz),Dairy,115,7.0,1.0,9.5,0.0,0.5,180,30,Snack,0,28.4,0.0,0.0,202.77599999999998,0.0,0.0,0.0,0.0,192.83599999999998,0.0,0.0,0.0,0.0,0.0,0.0,0.0,0.0,0.0,0.0,0.0,0.0,6.0775999999999994,0.0,0.0,0.0,25.275999999999996,0.0,0.0
Caesar Salad (with chicken),Meal/Protein,470,30.0,15.0,30.0,3.0,3.0,890,75,Lunch,250,100.0,2.0,0.0,157.0,1.06,0.0,0.0,0.0,398.0,0.0,0.0,0.0,0.0,0.0,0.0,0.0,16.5,0.0,0.0,0.0,0.0,3.15,0.0,0.0,0.0,8.0,0.0,0.0
Orange Juice (1 cup),Beverage,112,1.7,25.8,0.5,0.7,20.8,2,0,Breakfast,240,240.0,0.0,0.0,350.4,0.0,24.0,0.0,451.2,0.0,0.0,0.0,0.0,0.0,0.4008,0.0792,0.0,60.0,100.8,0.0,0.0,60.0,0.0,0.0,0.0,0.0,0.0,0.0,0.0
Bacon (2 slices cooked),Protein/Meat,86,6.0,0.2,6.8,0.0,0.1,330,18,Breakfast,0,40.0,0.0,0.0,0.0,0.0,0.0,0.0,0.0,314.40000000000003,0.0,0.0,0.0,0.0,0.0,0.0,0.0,0.0,0.0,0.0,0.0,0.0,7.16,0.0,0.0,0.0,28.400000000000002,0.0,0.0
Waffles (2 homemade),Grain,220,6.0,28.0,9.0,1.5,3.0,420,45,Breakfast,0,100.0,1.4,0.0,0.0,0.51,0.0,0.0,0.0,500.0,0.0,0.0,0.0,0.0,0.0,0.0,0.0,0.0,0.0,0.0,0.0,0.0,1.43,2.86,5.71,0.0,0.0,0.0,0.0
Pear,Fruit,101,0.6,27.0,0.2,5.5,16.0,2,0,Snack,0,100.0,3.1,0.0,9.0,0.18,7.0,11.0,104.0,3.0,0.09,1.0,0.012,0.026,0.162,0.028,0.0,4.3,0.0,0.12,4.2,7.0,0.022,0.084,0.094,0.0,0.0,0.0,0.0
Chicken Breast (4oz roasted),Protein/Meat,185,35.0,0.0,4.0,0.0,0.0,80,95,Lunch,500,113.4,0.0,0.0,179.17200000000003,0.43092,0.0,0.0,0.0,491.02200000000005,0.0,0.0,0.0,0.0,0.0,0.0,0.0,1.9278000000000002,0.0,0.0,0.0,0.0,5.193720000000001,0.0,0.0,0.0,75.97800000000001,0.0,0.0
Mixed Nuts (1/4 cup),Nut,200,6.0,8.0,18.0,3.0,2.0,1,0,Snack,0,60.0,4.26,0.0,75.0,2.784,0.0,0.0,385.8,171.6,0.0,0.0,0.0,0.0,0.0,0.0,0.0,0.0,0.0,0.0,0.0,0.0,4.284,17.16,8.58,0.0,0.0,0.0,0.0
Tilapia (4oz baked),Protein/Fish,110,22.0,0.0,2.5,0.0,0.0,50,50,Dinner,0,113.4,0.0,0.0,0.0,0.0,0.0,0.0,396.90000000000003,34.02,0.0,0.0,0.0,0.0,0.0,0.0,0.0,0.0,0.0,0.0,0.0,0.0,0.5670000000000001,0.0,0.0,0.0,22.680000000000003,0.0,0.0
Asparagus (1 cup steamed),Vegetable,40,4.3,7.4,0.4,3.6,3.5,4,0,Dinner,0,240.0,5.76,0.0,57.599999999999994,5.64,0.0,0.0,484.79999999999995,0.0,0.0,0.0,0.0,0.0,0.0,0.0,0.0,0.0,0.0,0.0,0.0,0.0,0.0,0.0,0.0,0.0,0.0,0.0,0.0
Sweet Potato (1 medium baked),Vegetable,103,2.3,23.6,0.2,3.8,7.4,41,0,Dinner,0,150.0,2.8499999999999996,0.0,39.0,0.8699999999999999,0.0,0.0,0.0,259.5,0.0,0.0,0.0,0.0,0.0,0.0,0.0,7.199999999999999,0.0,0.0,0.0,0.0,0.48,0.0,0.0,0.0,21.0,0.0,0.0
Popcorn (3 cups air-popped),Grain,93,3.0,18.6,1.1,3.6,0.1,2,0,Snack,250,240.0,28.32,0.0,0.0,6.768,0.0,0.0,0.0,0.0,0.0,0.0,0.0,0.0,0.0,0.0,0.0,0.0,0.0,0.0,0.0,0.0,0.0,2.352,7.056,0.0,0.0,0.0,0.0
Raisins (1/4 cup),Fruit,130,1.3,34.0,0.2,1.6,25.0,5,0,Snack,0,60.0,2.6999999999999997,0.0,37.199999999999996,1.074,21.599999999999998,58.8,446.4,15.6,0.216,0.0,0.06359999999999999,0.075,0.4596,0.10439999999999999,0.0,1.38,0.0,0.072,2.1,3.0,0.0564,0.0144,0.031799999999999995,0.0,0.0,0.0,0.0
Macaroni & Cheese (1 cup),Meal/Pasta,350,10.0,40.0,17.0,2.0,5.0,750,40,Lunch,250,240.0,0.96,0.0,168.0,1.056,0.0,0.0,170.4,1077.6,0.0,0.0,0.0,0.0,0.0,0.0,0.0,0.0,0.0,0.0,0.0,0.0,6.4079999999999995,0.0,0.0,0.0,31.2,0.0,0.0
Tomato Soup (1 can),Meal/Vegetable,170,4.0,25.0,6.0,4.0,15.0,900,10,Lunch,0,350.0,2.4499999999999997,0.0,24.5,0.9800000000000001,0.0,0.0,1078.0,791.0,0.0,0.0,0.0,0.0,0.0,0.0,0.0,0.0,0.0,0.0,0.0,0.0,0.42,0.0,0.0,0.0,0.0,0.0,0.0
Grilled Cheese Sandwich,Meal/Processed,390,15.0,32.0,22.0,3.0,4.0,800,60,Lunch,0,100.0,2.6,0.0,224.0,2.31,0.0,0.0,0.0,571.0,0.0,0.0,0.0,0.0,0.0,0.0,0.0,5.8,0.0,0.0,0.0,0.0,5.77,0.0,0.0,0.0,29.0,0.0,0.0
Beef Tacos (2 hard shell),Meal/Meat,380,18.0,28.0,22.0,5.0,3.0,600,50,Dinner,500,100.0,0.9,0.0,130.0,1.12,17.0,160.0,273.0,473.0,2.65,69.0,0.054,0.154,2.255,0.206,0.0,6.6,0.1,0.75,5.8,15.0,5.26,3.836,0.405,0.0,44.0,0.0,0.0
Refried Beans (1/2 cup),Legume,115,7.0,19.0,1.0,6.0,1.0,480,0,Dinner,0,120.0,4.44,0.0,34.8,1.728,42.0,110.39999999999999,382.8,444.0,0.696,0.0,0.08639999999999999,0.09,0.41879999999999995,0.1176,0.0,6.84,0.0,0.108,2.52,12.0,0.7572,0.7212,0.6516000000000001,0.0,0.0,0.0,0.0
Guacamole (1/4 cup),Vegetable/Condiment,90,1.0,4.0,8.0,3.0,0.5,120,0,Dinner,0,60.0,4.02,0.0,0.0,0.0,0.0,0.0,300.0,229.79999999999998,0.0,0.0,0.0,0.0,0.0,0.1602,0.0,7.199999999999999,0.0,0.0,12.78,48.0,1.002,0.0,0.0,0.0,0.0,0.0,0.0
Watermelon (1 cup diced),Fruit,46,0.9,11.5,0.2,0.6,9.4,2,0,Snack,0,240.0,0.96,0.0,0.0,0.0,0.0,0.0,0.0,0.0,0.0,0.0,0.0,0.0,0.0,0.0,0.0,0.0,0.0,0.0,0.0,0.0,0.0,0.0,0.0,0.0,0.0,0.0,0.0
English Muffin (whole wheat),Grain,134,6.0,26.0,1.0,4.4,1.0,210,0,Breakfast,250,100.0,1.6,0.0,233.0,2.09,0.0,0.0,0.0,605.0,0.0,0.0,0.0,0.0,0.0,0.0,0.0,0.9,0.0,0.0,0.0,0.0,3.88,0.0,0.0,0.0,105.0,0.0,0.0
Peanut Butter & Jelly Sandwich,Meal/Processed,390,12.0,50.0,17.0,5.0,20.0,450,0,Lunch,250,100.0,2.8,0.0,128.0,2.33,64.0,157.0,232.0,368.0,1.19,0.0,0.315,0.188,6.303,0.179,0.0,0.2,0.0,2.72,0.2,85.0,3.391,7.796,4.584,0.0,0.0,0.0,0.0
Clam Chowder (1 cup),Meal/Seafood,200,10.0,18.0,9.0,1.0,2.0,870,30,Lunch,0,240.0,0.96,0.0,98.39999999999999,0.696,0.0,0.0,0.0,696.0,0.0,0.0,0.0,0.0,0.0,0.0,0.0,8.88,0.0,0.0,0.0,0.0,12.743999999999998,0.0,0.0,0.0,84.0,0.0,0.0
Iced Tea (Sweetened 16oz),Beverage,180,0.0,46.0,0.0,0.0,46.0,15,0,Snack,500,453.6,0.0,0.0,0.0,0.0,0.0,0.0,0.0,0.0,0.0,0.0,0.0,0.0,0.0,0.0,0.0,0.0,0.0,0.0,0.0,0.0,0.0,0.0,0.0,0.0,0.0,0.0,0.0
Lasagna (1 serving meat),Meal/Pasta,350,20.0,30.0,17.0,4.0,7.0,850,55,Dinner,250,100.0,0.9,0.0,92.0,0.83,0.0,0.0,0.0,203.0,0.0,62.0,0.0,0.0,0.0,0.0,0.0,6.9,0.0,0.0,0.0,0.0,2.3,0.0,0.0,0.0,18.0,0.0,0.0
Garlic Bread (1 slice),Grain,150,4.0,18.0,7.0,1.0,1.0,310,0,Dinner,0,40.0,0.7200000000000001,0.0,0.0,1.012,0.0,0.0,0.0,168.4,0.0,0.0,0.0,0.0,0.0,0.0,0.0,0.0,0.0,0.0,0.0,0.0,1.052,0.0,0.0,0.0,3.6,0.0,0.0
Chocolate Milk (1 cup),Beverage/Dairy,200,8.0,26.0,8.0,1.0,24.0,160,30,Snack,0,240.0,0.96,0.0,300.0,0.6,0.0,0.0,470.4,211.2,0.0,0.0,0.0,0.0,0.0,0.0,0.0,0.0,0.0,0.0,0.0,0.0,4.992,0.0,0.0,0.0,36.0,0.0,0.0
White Bread (1 slice),Grain,70,2.0,13.0,1.0,0.6,1.2,140,0,Breakfast,0,40.0,0.8,0.0,48.0,0.8640000000000001,0.0,0.0,40.0,184.0,0.0,0.0,0.0,0.10880000000000001,1.6,0.0,0.0,0.0,0.0,0.0,0.0,0.0,0.0,0.0,0.8,0.0,0.0,0.0,0.0
Jelly (1 tbsp grape),Condiment,50,0.0,13.0,0.0,0.1,12.0,5,0,Breakfast,0,15.0,0.15,0.0,1.05,0.028499999999999998,0.8999999999999999,0.8999999999999999,8.1,4.5,0.0045,0.0,0.00015,0.0039,0.005399999999999999,0.003,0.0,0.135,0.0,0.0,0.045,0.3,0.00075,0.00015,0.0006,0.0,0.0,0.0,0.0
Veggie Burger (1 patty),Protein/Vegetarian,120,11.0,10.0,4.0,5.0,1.0,350,0,Lunch,250,100.0,5.3,0.0,59.0,1.45,0.0,0.0,457.0,300.0,0.0,0.0,0.0,0.0,0.0,0.0,0.0,0.0,0.0,0.0,0.0,0.0,1.45,0.0,0.0,0.0,0.0,0.0,0.0
Bun (hamburger),Grain,140,4.0,26.0,2.0,1.0,4.0,260,0,Lunch,0,100.0,1.2,0.0,140.0,2.86,20.0,152.0,162.0,354.0,0.9,0.0,0.543,0.246,3.905,0.157,0.0,0.2,0.2,0.33,1.4,47.0,2.323,3.108,1.324,0.0,21.0,0.0,0.0
Ketchup (1 tbsp),Condiment,20,0.2,5.0,0.1,0.2,4.0,160,0,Lunch,0,15.0,0.045,0.0,2.1,0.058499999999999996,2.1,3.9,39.75,139.2,0.024,3.9,0.0016499999999999998,0.024900000000000002,0.21509999999999999,0.0237,0.0,0.6149999999999999,0.0,0.219,0.44999999999999996,1.3499999999999999,0.0021,0.00225,0.00615,0.0,0.0,0.0,0.0
Muffin (Blueberry 1 large),Grain/Dessert,380,5.0,55.0,16.0,2.0,30.0,350,50,Breakfast,250,200.0,2.0,0.0,0.0,1.44,0.0,0.0,0.0,320.0,0.0,0.0,0.0,0.0,0.0,0.0,0.0,0.0,0.0,0.0,0.0,0.0,0.0,0.0,0.0,0.0,0.0,0.0,0.0
Coffee (with cream/sugar),Beverage,50,0.5,5.0,3.0,0.0,4.5,10,10,Breakfast,250,100.0,0.0,0.0,0.0,0.0,0.0,0.0,0.0,0.0,0.0,0.0,0.0,0.0,0.0,0.0,0.0,0.0,0.0,0.0,0.0,0.0,0.0,0.0,0.0,0.0,0.0,0.0,0.0
Potato Chips (1 oz),Snack/Processed,160,2.0,15.0,10.0,1.0,0.5,170,0,Snack,0,28.4,1.0224,0.0,5.9639999999999995,0.0,0.0,0.0,337.96,136.88799999999998,0.0,0.0,0.0,0.0,0.0,0.0,0.0,0.0,0.0,0.0,0.0,0.0,1.01388,0.0,0.0,0.0,0.0,0.0,0.0
Tzatziki Sauce (2 tbsp),Condiment/Dairy,30,1.5,2.0,2.0,0.0,1.5,100,5,Dinner,0,15.0,0.0,0.0,19.95,0.0,0.0,0.0,0.0,12.45,0.0,0.0,0.0,0.0,0.0,0.0,0.0,0.6,0.0,0.0,0.0,0.0,0.75,0.0,0.0,0.0,2.55,0.0,0.0
Scallops (3oz seared),Protein/Seafood,95,17.0,5.0,1.0,0.0,0.0,180,35,Dinner,0,85.1,0.0,0.0,19.573,0.27232,0.0,0.0,285.936,137.011,0.0,0.0,0.0,0.0,0.0,0.0,0.0,0.0,0.0,0.0,0.0,0.0,0.0,0.0,0.0,0.0,26.381,0.0,0.0
Risotto (Mushroom 1 cup),Meal/Grain,250,7.0,35.0,9.0,3.0,3.0,600,20,Dinner,0,240.0,3.36,0.0,0.0,0.0,0.0,0.0,0.0,3432.0,0.0,0.0,0.0,0.0,0.0,0.0,0.0,0.0,0.0,0.0,0.0,0.0,3.432,0.0,0.0,0.0,0.0,0.0,0.0
Caprese Salad,Meal/Vegetable,240,10.0,8.0,18.0,2.0,5.0,350,40,Lunch,250,100.0,1.0,0.0,79.0,0.94,0.0,0.0,183.0,251.0,0.0,0.0,0.0,0.0,0.0,0.0,0.0,0.0,0.0,0.0,0.0,0.0,3.66,0.0,0.0,0.0,13.0,0.0,0.0
Balsamic Vinaigrette (2 tbsp),Condiment,90,0.0,3.0,9.0,0.0,2.5,300,0,Lunch,0,15.0,0.0,0.0,0.0,0.0,0.0,0.0,0.0,154.5,0.0,0.0,0.0,0.0,0.0,0.0,0.0,0.0,0.0,0.0,0.0,0.0,0.4995,0.0,0.0,0.0,0.0,0.0,0.0
Cherries (1 cup),Fruit,77,1.6,19.0,0.5,2.5,15.0,0,0,Snack,0,240.0,0.0,0.0,0.0,0.0,0.0,0.0,0.0,0.0,0.0,0.0,0.0,0.0,0.0,0.0,0.0,0.0,0.0,0.0,0.0,0.0,0.0,0.0,0.0,0.0,0.0,0.0,0.0
Turkey Bacon (2 slices),Protein/Meat,70,6.0,1.0,5.0,0.0,0.5,360,30,Breakfast,0,40.0,0.0,0.0,0.0,0.0,0.0,0.0,0.0,456.0,0.0,0.0,0.0,0.0,0.0,0.0,0.0,0.0,0.0,0.0,0.0,0.0,1.428,0.0,0.0,0.0,28.400000000000002,0.0,0.0
Grits (1 cup cooked),Grain,150,3.0,32.0,1.0,2.0,0.5,320,0,Breakfast,0,240.0,1.68,0.0,9.6,1.08,16.8,40.8,50.4,194.4,0.288,38.4,0.37679999999999997,0.1128,1.488,0.1344,0.0,0.0,0.0,0.432,2.16,45.6,1.7495999999999998,1.1088,0.9168,0.0,7.199999999999999,0.0,0.0
Butter (1 tbsp),Condiment/Dairy,100,0.1,0.0,11.0,0.0,0.0,82,30,Breakfast,0,15.0,0.0,0.0,0.0,0.0,0.0,0.0,0.0,96.45,0.0,0.0,0.0,0.0,0.0,0.0,0.0,0.0,0.0,0.0,0.0,0.0,7.5,0.0,0.0,0.0,32.1,0.0,0.0
Meatball Sub (6 inch),Meal/Processed,580,28.0,55.0,27.0,6.0,10.0,1200,70,Lunch,500,100.0,1.7,0.0,198.0,2.35,0.0,0.0,29.0,450.0,0.0,0.0,0.0,0.0,0.0,0.0,0.0,0.0,0.0,0.0,0.0,0.0,5.03,0.0,0.0,0.67,25.0,0.0,0.0
Kiwifruit (1 medium),Fruit,46,0.9,11.1,0.4,2.3,6.7,2,0,Snack,0,150.0,4.050000000000001,0.0,21.0,0.36,0.0,0.0,456.0,0.0,0.0,0.0,0.0,0.0,0.0,0.0,0.0,145.95,0.0,0.0,40.5,0.0,0.0,0.0,0.0,0.0,0.0,0.0,0.0
Beef Jerky (1 oz),Snack/Processed,116,9.4,3.1,7.2,0.5,2.5,590,30,Snack,0,28.4,0.5112,0.0,5.68,1.5392799999999998,14.483999999999998,115.588,169.54799999999997,506.93999999999994,2.3032399999999997,0.0,0.043736,0.040327999999999996,0.49188799999999994,0.05083599999999999,0.0,0.0,0.08519999999999998,0.13915999999999998,0.6531999999999999,38.056,3.0813999999999995,3.2106199999999996,0.28712399999999993,0.0,13.631999999999998,0.0,0.0
Figs (2 medium),Fruit,74,0.6,19.2,0.3,2.9,16.2,2,0,Snack,0,150.0,11.25,0.0,213.0,0.0,0.0,0.0,975.0,18.0,0.0,0.0,0.0,0.0,0.0,0.0,0.0,0.0,0.0,0.0,0.0,0.0,0.0,0.0,0.0,0.0,0.0,0.0,0.0
Lobster (3oz steamed),Protein/Seafood,76,16.0,0.0,0.7,0.0,0.0,250,125,Dinner,250,85.1,0.0,0.0,90.206,0.28083,40.848,173.60399999999998,215.303,455.28499999999997,3.8039699999999996,0.851,0.018722,0.014467,1.627963,0.100418,0.0,0.0,0.0,0.9361,0.0,7.659,0.194879,0.236578,0.319125,0.0,137.011,0.0,0.0
Melted Butter (for lobster),Condiment,200,0.2,0.0,22.0,0.0,0.0,164,60,Dinner,0,100.0,2.3,0.0,457.0,0.0,53.0,382.0,714.0,286.0,1.77,107.0,0.113,0.817,3.301,0.168,0.0,57.1,0.1,6.43,12.2,55.0,2.236,0.968,0.194,0.0,0.0,0.0,0.0
Corn on the Cob (1 large),Vegetable,125,5.0,29.0,1.5,3.0,5.0,2,0,Dinner,0,200.0,2.4,0.0,0.0,0.0,0.0,0.0,0.0,0.0,0.0,0.0,0.0,0.0,0.0,0.0,0.0,8.4,0.0,0.0,0.0,0.0,0.0,0.0,0.0,0.0,0.0,0.0,0.0
Vegetable Soup (1 can),Meal/Vegetable,140,4.0,22.0,4.0,6.0,8.0,780,5,Lunch,250,350.0,4.2,0.0,84.0,1.54,0.0,0.0,0.0,1113.0,0.0,0.0,0.0,0.0,0.0,0.0,0.0,0.0,0.0,0.0,0.0,0.0,0.0,0.0,0.7000000000000001,0.0,0.0,0.0,0.0
Saltine Crackers (5 crackers),Grain/Processed,60,1.0,10.0,1.5,0.5,0.0,140,0,Lunch,0,100.0,0.0,0.0,125.0,6.25,0.0,0.0,94.0,812.0,0.0,0.0,0.0,0.0,0.0,0.0,0.0,0.0,0.0,0.0,0.0,0.0,3.12,0.0,0.0,0.0,0.0,0.0,0.0
Mango (1 cup slices),Fruit,99,1.4,24.7,0.6,2.6,22.5,2,0,Snack,0,240.0,5.04,0.0,33.6,4.632,0.0,0.0,0.0,0.0,0.0,309.59999999999997,0.0,0.0,0.0,0.0,0.0,72.0,0.0,0.0,0.0,0.0,0.0,0.0,0.0,0.0,0.0,0.0,0.0
Cheesecake (1 slice),Dessert,320,5.0,28.0,21.0,1.0,20.0,280,65,Snack,250,40.0,0.7200000000000001,0.0,20.400000000000002,0.35200000000000004,0.0,0.0,43.6,88.4,0.0,0.0,0.0,0.0,0.0,0.0,0.0,0.0,0.0,0.0,0.0,0.0,3.8920000000000003,0.0,0.0,0.0,23.200000000000003,0.0,0.0
Pad Thai (Chicken 1.5 cups),Meal/Pasta,550,25.0,60.0,22.0,5.0,10.0,950,70,Dinner,500,240.0,2.4,0.0,84.0,4.08,0.0,0.0,324.0,708.0,0.0,0.0,0.0,0.0,0.0,0.0,0.0,0.0,0.0,0.0,0.0,0.0,1.2,0.0,0.0,0.0,0.0,0.0,0.0
Spring Roll (Veg 2 rolls),Snack/Processed,180,4.0,25.0,7.0,3.0,3.0,450,0,Dinner,0,100.0,0.9,0.0,18.0,0.49,0.0,0.0,0.0,502.0,0.0,0.0,0.0,0.0,0.0,0.0,0.0,2.7,0.0,0.0,0.0,0.0,0.68,0.0,0.0,0.0,0.0,0.0,0.0
Coconut Water (1 cup),Beverage,46,1.7,8.9,0.5,2.6,6.3,252,0,Snack,240,240.0,0.0,0.0,28.799999999999997,0.0,0.0,0.0,460.79999999999995,64.8,0.0,0.0,0.0,0.0,0.0,0.0,0.0,0.0,0.0,0.0,0.0,0.0,0.0,0.0,0.0,0.0,0.0,0.0,0.0
Kimchi (1/2 cup),Vegetable,22,1.7,4.0,0.4,2.4,1.5,750,0,Side,0,120.0,1.92,0.0,39.6,3.0,16.8,28.799999999999997,181.2,597.6,0.264,6.0,0.012,0.252,1.32,0.2556,0.0,0.0,0.0,0.132,52.32,62.4,0.0804,0.044399999999999995,0.28919999999999996,0.0,0.0,0.0,0.0
Sashimi (Salmon 3 pcs),Protein/Fish,120,18.0,0.0,5.0,0.0,0.0,45,40,Lunch,0,100.0,0.0,0.0,0.0,0.68,0.0,0.0,0.0,252.0,0.0,0.0,0.0,0.0,0.0,0.0,0.0,0.0,0.0,0.0,0.0,0.0,0.0,0.0,0.0,0.0,0.0,0.0,0.0
Wasabi (1 tsp),Condiment,10,0.1,2.2,0.1,0.3,1.0,40,0,Lunch,0,100.0,6.1,0.0,41.0,0.5,21.0,26.0,182.0,3390.0,0.61,0.0,0.05,0.07,0.16,0.05,0.0,0.0,0.0,3.91,3.5,10.0,2.03,4.41,3.63,0.023,0.0,0.151,3.43
Seaweed Salad (1/2 cup),Vegetable,60,2.0,8.0,3.0,2.0,4.0,350,0,Lunch,0,120.0,60.0,0.0,171.6,1.548,0.0,0.0,0.0,3552.0,0.0,0.0,0.0,0.0,0.0,0.0,0.0,5.159999999999999,0.0,0.0,0.0,0.0,0.0,0.0,0.0,0.0,0.0,0.0,0.0
French Onion Soup (1 cup),Meal,150,6.0,15.0,7.0,2.0,5.0,800,20,Lunch,250,240.0,1.68,0.0,211.2,0.6,0.0,0.0,0.0,681.6,0.0,0.0,0.0,0.0,0.0,0.0,0.0,5.04,0.0,0.0,0.0,0.0,5.063999999999999,0.0,0.0,0.0,26.4,0.0,0.0
Croutons (1/4 cup),Grain,50,1.5,7.0,2.0,0.5,0.5,140,0,Lunch,0,60.0,3.0,0.0,57.599999999999994,1.692,25.2,84.0,108.6,799.8,0.564,4.2,0.3036,0.2526,2.7876,0.049800000000000004,0.0,0.0,0.0,0.24,4.56,63.0,3.1481999999999997,5.698799999999999,1.4207999999999998,0.0,4.2,0.0,0.0
Shepherd's Pie (1 serving),Meal/Meat,400,20.0,35.0,20.0,6.0,7.0,850,55,Dinner,250,100.0,1.5,0.0,26.0,0.93,15.0,87.0,250.0,264.0,1.69,79.0,0.076,0.105,1.972,0.176,0.0,2.0,0.1,0.33,3.9,12.0,2.67,2.362,0.479,0.0,27.0,0.0,0.0
Green Peas (1/2 cup),Legume,62,4.1,11.1,0.2,4.4,4.2,2,0,Dinner,0,120.0,5.3999999999999995,0.0,0.0,1.488,0.0,0.0,121.19999999999999,0.0,0.0,0.0,0.0,0.0,0.0,0.0,0.0,0.0,0.0,0.0,0.0,0.0,0.0,0.0,0.0,0.0,0.0,0.0,0.0
Apple Pie (1 slice),Dessert,410,3.0,58.0,19.0,3.0,25.0,320,0,Snack,0,40.0,0.7200000000000001,0.0,0.0,0.384,0.0,0.0,0.0,60.0,0.0,0.0,0.0,0.0,0.0,0.0,0.0,0.0,0.0,0.0,0.0,0.0,3.184,2.124,0.532,0.0,0.0,0.0,0.0
Gin & Tonic (1 drink),Beverage,170,0.0,13.0,0.0,0.0,13.0,2,0,Snack,180,100.0,0.0,0.0,1.0,0.02,0.0,1.0,1.0,9.0,0.08,0.0,0.002,0.001,0.003,0.0,0.0,0.0,0.0,0.0,0.0,0.0,0.0,0.0,0.0,0.0,0.0,0.0,0.0
Red Wine (5 oz glass),Beverage,125,0.1,3.8,0.0,0.0,0.9,6,0,Dinner,0,141.8,0.0,0.0,11.344000000000001,0.6522800000000001,17.016000000000002,32.614000000000004,180.086,5.672000000000001,0.19852000000000003,0.0,0.007090000000000001,0.043958000000000004,0.317632,0.08082600000000001,0.0,0.0,0.0,0.0,0.5672,1.4180000000000001,0.0,0.0,0.0,0.0,0.0,0.0,0.0
Halibut (4oz baked),Protein/Fish,125,24.0,0.0,2.5,0.0,0.0,60,40,Dinner,250,113.4,0.0,0.0,27.216,1.2020400000000002,0.0,0.0,0.0,60.102000000000004,0.0,0.0,0.0,0.0,0.0,0.0,0.0,0.0,0.0,0.0,0.0,0.0,0.0,0.0,0.0,0.0,39.690000000000005,0.0,0.0
Quinoa Salad (1 cup),Meal/Vegetarian,260,9.0,32.0,12.0,6.0,4.0,300,0,Lunch,250,240.0,4.56,0.0,91.2,2.472,0.0,0.0,0.0,571.1999999999999,0.0,0.0,0.0,0.0,0.0,0.0,0.0,0.0,0.0,0.0,0.0,0.0,0.0,0.0,0.0,0.0,0.0,0.0,0.0
Lemonade (1 cup),Beverage,99,0.1,26.0,0.0,0.1,25.0,30,0,Snack,240,240.0,0.0,0.0,0.0,0.0,0.0,0.0,0.0,4.8,0.0,0.0,0.0,0.0,0.0,0.0,0.0,18.0,0.0,0.0,0.0,0.0,0.0,0.0,0.0,0.0,0.0,0.0,0.0
Pistachios (1 oz shelled),Nut,159,5.7,7.7,12.8,3.0,2.2,2,0,Snack,0,28.4,3.0387999999999997,0.0,20.163999999999998,1.0962399999999999,0.0,0.0,0.0,162.164,0.0,0.0,0.0,0.0,0.0,0.0,0.0,1.2211999999999998,0.0,0.0,0.0,0.0,1.52224,0.0,0.0,0.0,0.0,0.0,0.0
Oat Milk (1 cup),Beverage/Dairy-Alt,120,3.0,16.0,5.0,2.0,7.0,100,0,Breakfast,0,240.0,1.2,0.0,372.0,0.504,19.2,48.0,43.199999999999996,103.2,0.45599999999999996,0.0,0.0552,0.0192,0.1344,0.012,1.2,0.0,4.08,0.888,3.5999999999999996,4.8,0.4488,3.2376,1.488,0.0,0.0,0.0,0.0
Biscuits and Gravy (1 serving),Meal/Processed,480,10.0,45.0,28.0,2.0,3.0,1100,35,Breakfast,250,100.0,3.1,0.0,308.0,4.15,0.0,0.0,0.0,1380.0,0.0,0.0,0.0,0.0,0.0,0.0,0.0,0.0,0.0,0.0,0.0,0.0,9.23,0.0,0.0,0.0,15.0,0.0,0.0
Avocado (1/2 fruit),Fruit,160,2.0,8.5,14.7,6.7,0.7,7,0,Breakfast,0,100.0,0.1,0.0,34.0,0.35,7.0,31.0,58.0,867.0,0.25,10.0,0.02,0.05,0.14,0.01,0.0,0.2,0.0,4.6,96.7,4.0,5.978,9.423,23.165,0.0,40.0,0.0,0.0
Corn Flakes (1 cup),Grain,100,2.0,24.0,0.0,1.0,3.0,200,0,Breakfast,0,240.0,7.4399999999999995,0.0,0.0,67.44,0.0,0.0,412.8,2025.6,0.0,0.0,2.4,3.192,37.44,3.7439999999999998,11.256,112.55999999999999,300.0,0.0,0.0,748.8,0.0,0.0,0.0,0.0,0.0,0.0,0.0
T-Bone Steak (6oz),Protein/Meat,460,38.0,0.0,33.0,0.0,0.0,110,105,Dinner,0,170.1,0.0,0.0,32.318999999999996,5.06898,34.019999999999996,350.40599999999995,433.75499999999994,631.0709999999999,6.974099999999999,11.906999999999998,0.096957,0.39122999999999997,9.319778999999999,1.051218,0.0,0.0,0.1701,0.40823999999999994,2.7216,6.803999999999999,12.624821999999998,13.983920999999999,1.3863149999999997,0.0,139.482,0.0,0.0
Creamed Spinach (1/2 cup),Vegetable,190,5.0,8.0,16.0,3.0,2.0,450,50,Dinner,0,120.0,1.08,0.0,212.4,0.768,0.0,0.0,0.0,392.4,0.0,0.0,0.0,0.0,0.0,0.0,0.0,15.96,0.0,0.0,0.0,0.0,8.496,0.0,0.0,0.0,42.0,0.0,0.0
Pecans (1 oz),Nut,196,2.6,3.9,20.4,2.7,1.1,0,0,Snack,0,28.4,2.84,0.0,19.028,0.6815999999999999,0.0,0.0,118.42799999999998,0.0,0.0,0.0,0.0,0.0,0.0,0.0,0.0,0.0,0.0,0.0,0.0,0.0,1.8942799999999997,11.36,5.68,0.0,0.0,0.0,0.0
Fruit Cocktail (canned 1 cup),Fruit,110,1.0,28.0,0.0,2.0,26.0,10,0,Snack,0,240.0,6.0,0.0,38.4,0.72,0.0,0.0,0.0,38.4,0.0,0.0,0.0,0.0,0.0,0.0,0.0,11.76,0.0,0.0,0.0,0.0,0.0,0.0,0.0,0.0,0.0,0.0,0.0
Ramen (Instant 1 pack),Meal/Processed,380,9.0,53.0,14.0,2.0,2.0,1580,0,Lunch,500,100.0,3.6,0.0,36.0,4.91,0.0,0.0,0.0,1360.0,0.0,0.0,0.0,0.0,0.0,0.0,0.0,1.1,0.0,0.0,0.0,0.0,0.91,0.0,0.0,0.0,0.0,0.0,0.0
Mocha Latte (16oz),Beverage,360,12.0,48.0,15.0,2.0,42.0,150,45,Snack,473,453.6,0.0,0.0,1310.9040000000002,53.524800000000006,0.0,0.0,716.6880000000001,1610.2800000000002,17.9172,0.0,9.072000000000001,0.0,23.859360000000002,2.3859360000000005,0.0,0.0,0.0,0.0,0.0,476.28000000000003,0.0,0.0,0.0,0.0,0.0,0.0,0.0
Cucumber Slices (1 cup),Vegetable,16,0.7,3.6,0.1,0.5,1.7,2,0,Snack,0,240.0,1.2,0.0,33.6,0.168,19.2,45.6,328.8,566.4,0.36,7.199999999999999,0.0504,0.0576,0.17279999999999998,0.08879999999999999,0.0,6.0,0.0,0.048,35.04,14.399999999999999,0.0648,0.0096,0.0504,0.0,0.0,0.0,0.0
Feta Cheese (1 oz),Dairy,75,4.0,1.2,6.1,0.0,0.7,316,25,Lunch,0,28.4,0.0,0.0,60.775999999999996,0.0,0.0,0.0,0.0,323.76,0.0,0.0,0.0,0.0,0.0,0.0,0.0,0.0,0.0,0.0,0.0,0.0,4.0611999999999995,0.0,0.0,0.0,20.163999999999998,0.0,0.0
Olives (Kalamata 5 large),Fruit,35,0.2,1.0,3.5,0.5,0.0,210,0,Lunch,0,200.0,0.0,0.0,0.0,0.0,0.0,0.0,0.0,4000.0,0.0,0.0,0.0,0.0,0.0,0.0,0.0,0.0,0.0,0.0,0.0,0.0,0.0,0.0,0.0,0.0,0.0,0.0,0.0
Chicken Alfredo (1.5 cups),Meal/Pasta,680,35.0,45.0,38.0,4.0,5.0,980,120,Dinner,250,240.0,1.68,0.0,170.4,0.9359999999999999,0.0,0.0,398.4,840.0,0.0,0.0,0.0,0.0,0.0,0.0,0.0,0.0,0.0,0.0,0.0,0.0,6.792,0.0,0.0,0.0,33.6,0.0,0.0
Breadstick (1 large),Grain,160,4.0,28.0,3.0,1.0,2.0,350,0,Dinner,0,200.0,0.0,0.0,102.0,5.54,0.0,0.0,0.0,1692.0,0.0,0.0,0.0,0.348,6.16,0.0,0.0,12.4,0.0,0.0,0.0,0.0,7.7,5.12,0.0,0.0,0.0,0.0,0.0
Cobb Salad,Meal/Protein,510,30.0,12.0,38.0,7.0,6.0,800,210,Lunch,500,100.0,1.3,0.0,64.0,0.77,0.0,0.0,0.0,197.0,0.0,0.0,0.0,0.0,0.0,0.0,0.0,15.4,0.0,0.0,0.0,0.0,1.71,0.0,0.0,0.0,49.0,0.0,0.0
Blue Cheese Dressing (2 tbsp),Condiment,150,1.0,2.0,16.0,0.0,1.0,320,10,Lunch,0,15.0,0.0,0.0,10.049999999999999,0.0,0.0,0.0,0.0,115.05,0.0,0.0,0.0,0.0,0.0,0.0,0.0,0.0,0.0,0.0,0.0,0.0,0.75,0.0,0.0,0.0,2.55,0.0,0.0
Mandarin Orange (1 medium),Fruit,37,0.6,9.3,0.2,1.3,7.3,1,0,Snack,0,150.0,1.0499999999999998,0.0,64.5,1.155,0.0,0.0,0.0,6.0,0.0,0.0,0.0,0.0,0.0,0.0,0.0,9.600000000000001,0.0,0.0,0.0,0.0,0.0,0.0,0.0,0.0,0.0,0.0,0.0
Cashews (1 oz roasted),Nut,163,4.3,9.2,13.1,0.9,1.4,140,0,Snack,0,28.4,0.7668,0.0,12.212,1.5364399999999998,0.0,0.0,176.648,130.356,0.0,0.0,0.0,0.0,0.0,0.0,0.0,0.0,0.0,0.0,0.0,0.0,2.3032399999999997,0.0,0.0,0.0,0.0,0.0,0.0
Eggo Waffle (2 waffles),Grain/Processed,180,4.0,30.0,5.0,1.0,4.0,400,0,Breakfast,0,100.0,7.0,0.0,347.0,4.8,0.0,410.0,240.0,263.0,0.0,240.0,0.0,0.0,0.0,0.23,0.3,0.0,0.0,0.0,0.0,0.0,1.7,0.0,0.0,0.0,0.0,0.0,0.0
Diet Soda (1 can),Beverage,0,0.0,0.0,0.0,0.0,0.0,40,0,Lunch,355,350.0,0.0,0.0,0.0,0.0,0.0,0.0,0.0,35.0,0.0,0.0,0.0,0.0,0.0,0.0,0.0,0.0,0.0,0.0,0.0,0.0,0.0,0.0,0.0,0.0,0.0,0.0,0.0
Pulled Pork Sandwich,Meal/Meat,480,25.0,48.0,20.0,3.0,15.0,900,75,Lunch,250,100.0,1.2,0.0,44.0,1.24,22.0,161.0,305.0,666.0,1.85,13.0,0.166,0.128,3.03,0.248,0.0,0.2,8.0,0.89,1.4,2.0,1.42,1.81,0.757,0.003,35.0,0.028,0.615
Macadamia Nuts (1 oz),Nut,204,2.2,3.9,21.5,2.4,1.3,1,0,Snack,0,28.4,2.272,0.0,19.88,0.7525999999999999,33.512,56.23199999999999,103.09199999999998,100.252,0.36635999999999996,0.0,0.20163999999999996,0.024707999999999997,0.645816,0.10195599999999999,0.0,0.19879999999999998,0.0,0.16187999999999997,0.0,2.84,3.3929479999999996,16.8341,0.425432,0.0,0.0,0.0,0.0
Crab Cakes (2 medium),Meal/Seafood,340,20.0,18.0,20.0,1.0,2.0,700,120,Dinner,250,150.0,1.35,0.0,166.5,1.32,0.0,0.0,301.5,756.0,0.0,0.0,0.0,0.0,0.0,0.0,0.0,0.0,0.0,0.0,0.0,0.0,2.6550000000000002,0.0,0.0,0.0,166.5,0.0,0.0
Tartar Sauce (2 tbsp),Condiment,60,0.2,2.0,5.5,0.1,1.5,180,5,Dinner,0,15.0,0.075,0.0,3.9,0.0375,0.8999999999999999,2.55,10.2,100.05,0.018,1.65,0.0024,0.00435,0.013949999999999999,0.006599999999999999,0.0,0.345,0.0,0.252,7.56,0.75,0.49995,0.54075,1.3566,0.0,1.05,0.0,0.0
Lemon Bar (1 square),Dessert,150,1.5,22.0,6.0,0.5,15.0,80,30,Snack,0,100.0,20.0,0.0,0.0,0.0,0.0,0.0,0.0,320.0,0.0,0.0,0.0,0.0,0.0,0.0,0.0,0.0,0.0,0.0,0.0,0.0,6.0,0.0,0.0,0.0,0.0,0.0,0.0
Almond Milk (Unsweetened 1 cup),Beverage/Dairy-Alt,30,1.0,1.0,2.5,1.0,0.0,160,0,Breakfast,240,240.0,0.24,0.0,386.4,0.744,19.2,72.0,79.2,134.4,0.432,91.2,0.0,0.0792,0.18,0.0,0.768,0.0,1.92,7.3919999999999995,0.0,0.0,0.2904,1.656,0.6168,0.0,0.0,0.0,0.0
Rice Krispies (1.5 cups),Grain,160,3.0,37.0,0.5,0.5,4.0,290,0,Breakfast,0,240.0,0.0,0.0,7.199999999999999,5.28,31.2,100.8,93.6,842.4,1.2,648.0,1.68,1.92,21.84,2.16,0.0,0.0,0.0,0.0,0.0,578.4,3.36,6.0,12.239999999999998,0.0,0.0,0.0,0.0
Sugar (1 tsp for cereal),Condiment,16,0.0,4.0,0.0,0.0,4.0,0,0,Breakfast,0,100.0,0.0,0.0,0.0,0.0,0.0,0.0,0.0,0.0,0.0,0.0,0.0,0.0,0.0,0.0,0.0,0.0,0.0,0.0,0.0,0.0,0.0,0.0,0.0,0.0,0.0,0.0,0.0
Tuna (Canned 3oz in water),Protein/Fish,90,20.0,0.0,1.0,0.0,0.0,250,35,Lunch,0,85.1,0.7659,0.0,32.338,0.57868,0.0,0.0,0.0,376.993,0.0,0.0,0.0,0.0,0.0,0.0,0.0,4.8507,0.0,0.0,0.0,0.0,0.39997,0.0,0.0,0.0,4.255,0.0,0.0
Mayonnaise (1 tbsp),Condiment,90,0.1,0.1,10.0,0.0,0.1,70,5,Lunch,0,15.0,0.0,0.0,0.0,0.0,0.0,0.0,0.0,91.64999999999999,0.0,0.0,0.0,0.0,0.0,0.0,0.0,0.0,0.0,0.0,0.0,0.0,1.6649999999999998,0.0,0.0,0.0,8.4,0.0,0.0
Pickle (1 spear dill),Vegetable,5,0.2,1.0,0.1,0.3,0.5,300,0,Lunch,0,100.0,1.0,0.0,54.0,0.23,7.0,16.0,112.0,808.0,0.11,4.0,0.047,0.057,0.109,0.034,0.0,2.1,0.0,0.12,16.8,8.0,0.079,0.005,0.122,0.0,0.0,0.0,0.0
Lobster Bisque (1 cup),Meal/Seafood,250,8.0,12.0,18.0,1.0,3.0,850,50,Lunch,250,240.0,0.0,0.0,146.4,1.056,0.0,0.0,0.0,784.8,0.0,0.0,0.0,0.0,0.0,0.0,0.0,1.2,0.0,0.0,0.0,0.0,17.639999999999997,0.0,0.0,0.0,112.8,0.0,0.0
Reuben Sandwich,Meal/Processed,650,28.0,35.0,40.0,5.0,6.0,1500,100,Lunch,500,100.0,2.2,0.0,117.0,1.69,21.0,131.0,134.0,688.0,2.0,56.0,0.308,0.179,1.93,0.144,0.0,2.5,0.1,1.62,17.2,32.0,5.786,6.573,4.678,0.0,43.0,0.0,0.0
Sauerkraut (1/4 cup side),Vegetable,7,0.3,1.5,0.0,1.0,0.6,234,0,Lunch,0,60.0,1.68,0.0,18.0,0.852,7.8,12.0,99.0,395.4,0.108,15.6,0.012,0.013199999999999998,0.0834,0.0972,0.0,7.68,0.06,0.222,8.4,13.2,0.6402,0.3864,0.2658,0.0,2.4,0.0,0.0
Mushroom (White 1 cup sliced),Vegetable,15,2.2,2.3,0.2,0.7,1.4,4,0,Dinner,0,240.0,2.16,10.607999999999999,64.8,2.112,0.0,0.0,806.4,871.1999999999999,0.0,0.0,0.0,0.0,0.0,0.0,0.0,0.0,0.0,0.0,0.0,0.0,2.112,0.0,0.0,0.0,0.0,0.0,0.0
Soy Milk (Original 1 cup),Beverage/Dairy-Alt,110,8.0,9.0,4.5,2.0,6.0,125,0,Breakfast,240,240.0,0.24,0.0,225.6,1.32,52.8,158.4,362.4,76.8,0.744,129.6,0.14159999999999998,0.192,0.54,0.12239999999999998,0.864,0.0,1.44,0.36,6.72,45.6,0.756,0.9576,2.5632,0.0,0.0,0.0,0.0
Chicken Tikka Masala (1.5 cups),Meal/Meat,480,30.0,20.0,30.0,5.0,8.0,900,95,Dinner,250,240.0,4.56,0.0,62.4,2.304,0.0,0.0,350.4,662.4,0.0,0.0,0.0,0.0,0.0,0.0,0.0,0.0,0.0,0.0,0.0,0.0,3.072,0.0,0.0,0.0,33.6,0.0,0.0
Naan Bread (1 piece),Grain,260,8.0,45.0,5.0,2.0,3.0,450,10,Dinner,0,100.0,5.2,0.0,64.0,1.88,74.0,204.0,201.0,508.0,1.35,2.0,0.153,0.196,3.891,0.139,0.0,0.0,0.0,1.44,3.6,15.0,3.16,2.115,1.367,0.0,1.0,0.0,0.0
Cucumber Salad (1/2 cup),Vegetable,40,1.0,5.0,2.0,1.0,4.0,200,0,Dinner,0,120.0,0.0,0.0,28.799999999999997,0.0,0.0,0.0,0.0,423.59999999999997,0.0,0.0,0.0,0.0,0.0,0.0,0.0,3.36,0.0,0.0,0.0,0.0,0.0,0.0,0.0,0.0,0.0,0.0,0.0
Vodka Soda (1 drink),Beverage,100,0.0,0.0,0.0,0.0,0.0,5,0,Snack,180,100.0,0.0,0.0,4.0,0.02,1.0,1.0,2.0,16.0,0.08,0.0,0.002,0.001,0.003,0.0,0.0,0.0,0.0,0.0,0.0,0.0,0.0,0.0,0.0,0.0,0.0,0.0,0.0
Chocolate Croissant,Dessert,350,6.0,40.0,19.0,3.0,15.0,300,40,Breakfast,250,100.0,3.3,0.0,36.0,2.25,36.0,110.0,167.0,242.0,0.92,165.0,0.322,0.211,1.837,0.053,0.0,0.2,0.0,0.72,2.6,73.0,12.872,6.409,1.069,0.0,54.0,0.0,0.0
Sweet & Sour Chicken (1 cup),Meal/Processed,380,18.0,45.0,15.0,3.0,25.0,750,50,Dinner,0,240.0,2.4,0.0,14.399999999999999,0.84,0.0,0.0,0.0,561.6,0.0,0.0,0.0,0.0,0.0,0.0,0.0,60.0,0.0,0.0,0.0,0.0,2.304,0.0,0.0,0.0,14.399999999999999,0.0,0.0
Egg Drop Soup (1 cup),Meal/Vegetable,65,5.0,6.0,2.0,0.5,1.0,780,50,Dinner,0,240.0,0.96,0.0,16.8,0.624,4.8,36.0,52.8,888.0,0.216,48.0,0.045599999999999995,0.045599999999999995,0.3744,0.048,0.0,15.6,0.48,0.312,2.88,16.8,0.39840000000000003,0.4584,0.3096,0.0,55.199999999999996,0.0,0.0
String Cheese (1 stick),Dairy,80,6.0,1.0,6.0,0.0,0.0,210,20,Snack,0,100.0,0.0,0.0,682.0,0.0,0.0,0.0,89.0,536.0,0.0,0.0,0.0,0.0,0.0,0.0,0.0,0.0,0.0,0.0,0.0,0.0,12.5,0.0,0.0,0.0,71.0,0.0,0.0
Turkey Burger (1 patty),Protein/Meat,160,22.0,2.0,8.0,0.0,1.0,400,70,Lunch,250,100.0,0.0,0.0,36.0,1.29,0.0,0.0,0.0,152.0,0.0,0.0,0.0,0.0,0.0,0.0,0.0,1.1,0.0,0.0,0.0,0.0,3.57,0.0,0.0,0.0,89.0,0.0,0.0
Potato Salad (1/2 cup),Meal/Vegetable,180,2.0,19.0,11.0,2.0,3.0,500,10,Lunch,0,120.0,2.52,0.0,9.6,1.716,0.0,0.0,374.4,316.8,0.0,0.0,0.0,0.0,0.0,0.0,0.0,0.0,0.0,0.0,0.0,0.0,2.148,0.0,0.0,0.0,8.4,0.0,0.0
Cranberry Juice (1 cup),Beverage,130,0.0,33.0,0.0,0.0,30.0,10,0,Breakfast,240,240.0,0.0,0.0,0.0,1.104,0.0,0.0,199.2,28.799999999999997,0.0,0.0,0.0,0.0,0.0,0.0,0.0,24.0,0.0,0.0,0.0,0.0,0.0,0.0,0.0,0.0,0.0,0.0,0.0
Chicken Piccata (1 serving),Meal/Meat,350,30.0,10.0,20.0,1.0,2.0,600,90,Dinner,250,100.0,1.0,0.0,7.0,0.88,0.0,0.0,0.0,186.0,0.0,0.0,0.0,0.0,0.0,0.0,0.0,2.0,0.0,0.0,0.0,0.0,1.47,0.0,0.0,0.0,33.0,0.0,0.0
Angel Hair Pasta (1 cup),Grain,200,7.0,42.0,1.0,2.0,1.0,1,0,Dinner,0,240.0,8.64,0.0,0.0,9.432,0.0,0.0,0.0,0.0,0.0,0.0,2.4,0.7415999999999999,13.104,0.0,0.0,0.0,0.0,0.0,0.0,0.0,0.0,0.0,0.0,0.0,0.0,0.0,0.0
Olive Oil (1 tbsp),Condiment,120,0.0,0.0,14.0,0.0,0.0,0,0,Dinner,0,15.0,0.0,0.0,0.15,0.084,0.0,0.0,0.15,0.3,0.0,0.0,0.0,0.0,0.0,0.0,0.0,0.0,0.0,3.1319999999999997,3.9,0.0,2.328,10.263,1.4203499999999998,0.0,0.0,0.0,0.0
Garlic (1 clove),Vegetable,4,0.2,0.9,0.0,0.1,0.0,1,0,Dinner,0,100.0,0.0,0.0,667.0,0.0,0.0,0.0,0.0,0.0,0.0,0.0,0.0,0.0,0.0,0.0,0.0,80.0,0.0,0.0,0.0,0.0,0.0,0.0,0.0,0.0,0.0,0.0,0.0
Salami (3 slices),Protein/Processed,110,6.0,1.0,9.0,0.0,0.5,500,30,Snack,0,40.0,0.0,0.0,0.0,0.516,0.0,0.0,0.0,644.0,0.0,0.0,0.0,0.0,0.0,0.0,0.0,0.0,0.0,0.0,0.0,0.0,4.28,0.0,0.0,0.0,42.800000000000004,0.0,0.0
Provolone Cheese (1 slice),Dairy,100,7.0,1.0,8.0,0.0,0.5,250,20,Snack,0,40.0,0.0,0.0,300.0,0.0,0.0,0.0,28.400000000000002,242.8,0.0,0.0,0.0,0.0,0.0,0.0,0.0,0.0,0.0,0.0,0.0,0.0,7.16,0.0,0.0,0.0,28.400000000000002,0.0,0.0
Ginger Ale (1 can),Beverage,124,0.0,32.0,0.0,0.0,31.0,40,0,Snack,355,350.0,0.0,0.0,0.0,0.0,0.0,0.0,0.0,35.0,0.0,0.0,0.0,0.0,0.0,0.0,0.0,0.0,0.0,0.0,0.0,0.0,0.0,0.0,0.0,0.0,0.0,0.0,0.0
Shrimp Scampi (1 cup),Meal/Seafood,380,22.0,40.0,15.0,3.0,3.0,750,140,Dinner,0,240.0,0.48,0.0,172.79999999999998,1.2,64.8,667.1999999999999,374.4,403.2,2.76,280.8,0.0672,0.05279999999999999,4.62,0.49439999999999995,0.0,9.12,0.24,6.816,108.24,48.0,10.233600000000001,13.7952,2.6808,0.0,369.59999999999997,0.0,0.0
Tiramisu (1 slice),Dessert,450,7.0,42.0,28.0,2.0,25.0,150,180,Snack,250,40.0,0.24,0.0,26.0,0.44800000000000006,6.4,43.6,60.0,69.2,0.256,74.0,0.0388,0.09920000000000001,0.35960000000000003,0.022000000000000002,0.0,0.44000000000000006,0.24,0.284,0.68,8.0,5.313600000000001,2.1704000000000003,0.5276,0.0,48.400000000000006,0.0,0.0
Cereal Bar (Fruit),Snack/Processed,140,2.0,30.0,3.0,1.0,15.0,110,0,Breakfast,250,100.0,7.1,0.0,429.0,3.86,0.0,0.0,100.0,286.0,2.14,0.0,0.0,0.146,1.71,0.229,0.0,0.0,0.0,0.0,0.0,46.0,0.71,0.0,0.0,0.0,0.0,0.0,0.0
Veal Parmesan (1 serving),Meal/Meat,550,40.0,30.0,30.0,4.0,7.0,1100,130,Dinner,250,100.0,0.5,0.0,14.0,1.05,24.0,142.0,211.0,147.0,1.16,43.0,0.099,0.267,5.331,0.401,0.0,1.4,0.5,0.58,16.7,17.0,3.586,3.194,0.485,0.0,55.0,0.0,0.0
Spaghetti (side),Grain,100,3.5,21.0,0.5,1.0,0.5,0,0,Dinner,0,100.0,3.6,0.0,0.0,3.21,0.0,0.0,0.0,0.0,0.0,0.0,1.0,0.455,7.14,0.0,0.0,0.0,0.0,0.0,0.0,214.0,0.0,0.0,0.89,0.0,0.0,0.0,0.0
Hot Chocolate (1 cup),Beverage,200,3.0,30.0,8.0,2.0,25.0,160,10,Snack,240,240.0,11.52,0.0,0.0,8.232,0.0,0.0,0.0,0.0,0.0,0.0,0.0,0.0,0.0,0.0,0.0,41.04,0.0,0.0,0.0,0.0,11.424,0.0,0.0,0.0,0.0,0.0,0.0
Coconut Shrimp (5 pcs),Meal/Seafood,320,10.0,25.0,20.0,3.0,8.0,600,80,Dinner,0,100.0,0.4,0.0,58.0,0.41,25.0,239.0,184.0,502.0,1.01,53.0,0.021,0.025,1.806,0.157,0.0,2.9,0.1,1.52,1.4,18.0,0.247,0.172,0.28,0.0,119.0,0.0,0.0
Sweet Chili Sauce (2 tbsp),Condiment,70,0.0,17.0,0.0,0.5,16.0,450,0,Dinner,0,15.0,0.39,0.0,0.0,0.138,0.0,0.0,0.0,111.6,0.0,27.75,0.0,0.0,0.0,0.0,0.0,0.46499999999999997,0.0,0.0,0.0,0.0,0.0,0.0,0.0,0.0,0.0,0.0,0.0
White Wine (5 oz glass),Beverage,121,0.1,3.8,0.0,0.0,1.4,5,0,Dinner,0,141.8,0.0,0.0,12.762,0.3828600000000001,14.180000000000001,25.524,100.67800000000001,7.090000000000001,0.17016,0.0,0.007090000000000001,0.02127,0.153144,0.0709,0.0,0.0,0.0,0.0,0.5672,1.4180000000000001,0.0,0.0,0.0,0.0,0.0,0.0,0.0
Trail Mix (1/4 cup),Snack/Processed,190,5.0,20.0,12.0,3.0,14.0,50,0,Snack,250,60.0,3.6599999999999997,0.0,64.2,1.926,0.0,0.0,0.0,100.8,0.0,0.0,0.0,0.0,0.0,0.0,0.0,1.26,0.0,0.0,0.0,0.0,2.142,0.0,0.0,0.0,0.0,0.0,0.0
Onion Rings (6 rings),Snack/Processed,280,4.0,30.0,16.0,3.0,4.0,500,0,Snack,0,100.0,2.4,0.0,47.0,1.69,0.0,0.0,0.0,635.0,0.0,0.0,0.0,0.0,0.0,0.0,0.0,0.0,0.0,0.0,0.0,0.0,1.76,0.0,0.0,0.0,0.0,0.0,0.0
Poached Egg (1 large),Protein,72,6.3,0.4,4.8,0.0,0.4,140,185,Breakfast,0,200.0,0.0,0.0,96.0,3.34,22.0,368.0,264.0,258.0,2.48,360.0,0.124,0.796,0.0,0.12,0.0,0.0,5.0,2.1,0.6,106.0,6.4,7.26,3.64,0.0,822.0,0.0,0.0
Canadian Bacon (2 slices),Protein/Meat,80,12.0,1.0,3.0,0.0,1.0,650,40,Breakfast,0,350.0,0.0,0.0,0.0,2.24,0.0,0.0,0.0,4060.0,0.0,0.0,0.0,0.0,0.0,0.0,0.0,0.0,0.0,0.0,0.0,0.0,3.115,0.0,0.0,0.0,126.0,0.0,0.0
Eggs Benedict (1 serving),Meal/Protein,600,25.0,30.0,40.0,3.0,4.0,1100,450,Breakfast,250,100.0,0.6,0.0,58.0,1.56,15.0,185.0,325.0,468.0,1.19,232.0,0.264,0.241,3.198,0.124,0.0,1.4,1.4,1.14,3.5,41.0,10.251,6.146,2.036,0.0,271.0,0.0,0.0
Hollandaise Sauce (2 tbsp),Condiment,110,1.0,0.5,12.0,0.0,0.2,150,50,Breakfast,0,15.0,0.0,0.0,7.8,0.129,0.44999999999999996,19.65,8.549999999999999,49.35,0.111,85.35,0.0072,0.01815,0.00225,0.0141,0.0,0.585,0.285,0.2565,0.66,5.7,4.53435,2.0493,0.41624999999999995,0.0,69.89999999999999,0.0,0.0
Spinach Artichoke Dip (1/4 cup),Snack/Processed,160,5.0,6.0,14.0,2.0,2.0,350,30,Snack,0,60.0,2.16,0.0,214.2,1.5419999999999998,0.0,0.0,300.0,428.4,0.0,0.0,0.0,0.0,0.0,0.0,0.0,0.0,0.0,0.0,0.0,0.0,7.5,0.0,0.0,0.0,32.4,0.0,0.0
Tortilla Chips (1 oz),Snack/Processed,140,2.0,19.0,7.0,2.0,0.5,120,0,Snack,0,28.4,2.0163999999999995,0.0,20.163999999999998,0.7298799999999999,0.0,0.0,0.0,106.49999999999999,0.0,0.0,0.0,0.0,0.0,0.0,0.0,0.0,0.0,0.0,0.0,0.0,1.01388,0.0,0.0,0.0,0.0,0.0,0.0
Chicken Kebab (2 skewers),Meal/Meat,280,30.0,8.0,14.0,3.0,4.0,500,85,Dinner,250,100.0,0.0,0.0,60.0,1.8,0.0,0.0,240.0,740.0,0.0,0.0,0.0,0.0,0.0,0.0,0.0,0.0,0.0,0.0,0.0,0.0,1.0,0.0,0.0,0.0,0.0,0.0,0.0
Bell Peppers & Onions (sautéed),Vegetable,60,1.5,10.0,2.0,3.0,6.0,30,0,Dinner,0,100.0,0.942,0.0,7.5,0.186,9.0,16.8,163.0,0.0,0.126,0.0,0.0391,0.0888,0.636,0.247,0.0,99.5,0.0,0.0,0.0,22.2,0.0,0.0,0.0,0.0,0.0,0.0,0.0
Hummus Wrap (large),Meal/Vegetarian,450,15.0,60.0,18.0,12.0,5.0,800,0,Lunch,500,200.0,11.0,0.0,94.0,5.08,150.0,362.0,624.0,852.0,2.88,2.0,0.32,0.254,2.04,0.292,0.0,0.0,0.0,3.08,45.6,96.0,5.12,10.68,17.62,0.024,0.0,1.422,16.12
Kombucha (1 cup),Beverage,30,0.0,7.0,0.0,0.0,6.0,10,0,Snack,240,240.0,0.0,0.0,0.0,0.0,0.0,0.0,0.0,9.6,0.0,0.0,0.0,0.0,0.0,0.0,0.0,0.0,0.0,0.0,0.0,0.0,0.0,0.0,0.0,0.0,0.0,0.0,0.0
Beef Stroganoff (1.5 cups),Meal/Pasta,550,30.0,40.0,28.0,4.0,6.0,900,100,Dinner,0,240.0,1.68,0.0,96.0,2.256,36.0,285.59999999999997,504.0,1099.2,4.392,76.8,0.1392,0.22799999999999998,7.308,0.34559999999999996,0.0,1.44,0.24,1.92,20.16,26.4,8.2584,6.806399999999999,4.6655999999999995,0.0,84.0,0.0,0.0
Egg Noodles (1 cup cooked),Grain,220,8.0,40.0,3.0,2.0,2.0,20,50,Dinner,0,240.0,0.0,0.0,86.39999999999999,3.096,0.0,0.0,0.0,43.199999999999996,0.0,0.0,0.0,0.0,0.0,0.0,0.0,0.0,0.0,0.0,0.0,0.0,0.0,0.0,0.0,0.0,170.4,0.0,0.0
Cottage Cheese (1 cup low fat),Dairy,160,28.0,6.0,2.5,0.0,4.0,820,10,Lunch,250,240.0,0.0,0.0,211.2,0.0,0.0,0.0,254.39999999999998,1041.6,0.0,0.0,0.0,0.0,0.0,0.0,0.0,0.0,0.0,0.0,0.0,0.0,7.4399999999999995,0.0,0.0,0.0,52.8,0.0,0.0
Tomato (1 medium sliced),Vegetable,22,1.1,4.8,0.2,1.5,3.2,6,0,Lunch,0,40.0,0.0,0.0,0.0,0.0,0.0,0.0,0.0,0.0,0.0,0.0,0.0,0.0,0.0,0.0,0.0,0.0,0.0,0.0,0.0,0.0,0.0,0.0,0.0,0.0,0.0,0.0,0.0
Black Pepper (1 tsp),Condiment,6,0.2,1.5,0.1,0.6,0.0,0,0,Lunch,0,100.0,41.7,0.0,0.0,0.0,0.0,0.0,0.0,0.0,0.0,0.0,0.0,0.0,0.0,0.0,0.0,0.0,0.0,0.0,0.0,0.0,0.0,0.0,0.0,0.0,0.0,0.0,0.0
Chocolate Pudding (1/2 cup),Dessert,150,2.0,28.0,4.0,2.0,22.0,130,2,Snack,0,120.0,0.0,0.0,459.59999999999997,0.9239999999999999,0.0,0.0,0.0,1200.0,0.0,0.0,0.0,0.0,0.0,0.0,0.0,0.0,0.0,0.0,0.0,0.0,0.0,0.0,0.0,0.0,0.0,0.0,0.0
Mackerel (3oz cooked),Protein/Fish,175,16.0,0.0,12.0,0.0,0.0,75,65,Dinner,0,85.1,0.0,0.0,60.421,1.6424299999999998,0.0,0.0,0.0,440.818,0.0,0.0,0.0,0.0,0.0,0.0,0.0,0.0,0.0,0.0,0.0,0.0,0.0,0.0,0.0,0.0,68.08,0.0,0.0
Collard Greens (1 cup cooked),Vegetable,60,5.0,10.0,1.0,7.0,1.0,40,0,Dinner,0,240.0,8.4,0.0,283.2,0.0,0.0,0.0,0.0,43.199999999999996,0.0,0.0,0.0,0.0,0.0,0.0,0.0,84.71999999999998,0.0,0.0,0.0,0.0,0.0,0.0,0.0,0.0,0.0,0.0,0.0
Ham (3oz deli sliced),Protein/Meat,110,16.0,2.0,4.0,0.0,1.5,950,45,Lunch,0,85.1,0.0,0.0,6.808,0.7148399999999999,17.02,234.876,315.721,977.799,1.5658400000000001,11.062999999999999,0.36252599999999996,0.162541,5.152805,0.349761,0.0,0.0,0.5956999999999999,0.18722,0.0,0.851,1.093535,1.4866970000000002,0.46719900000000003,0.0,45.954,0.0,0.0
Swiss Cheese (1 slice),Dairy,106,7.6,1.0,8.0,0.0,0.4,54,26,Lunch,0,40.0,0.0,0.0,348.0,0.0,0.0,0.0,0.0,78.4,0.0,0.0,0.0,0.0,0.0,0.0,0.0,0.0,0.0,0.0,0.0,0.0,6.96,0.0,0.0,0.0,34.800000000000004,0.0,0.0
Rye Bread (1 slice),Grain,83,2.7,15.5,1.1,1.9,1.2,170,0,Lunch,0,40.0,1.32,0.0,53.2,0.48,0.0,0.0,0.0,200.0,0.0,0.0,0.0,0.045200000000000004,0.532,0.0,0.0,1.6,0.0,0.0,0.0,10.8,0.0,0.0,0.0,0.0,0.0,0.0,0.0
Potato Leek Soup (1 cup),Meal/Vegetable,180,4.0,25.0,7.0,3.0,4.0,650,15,Lunch,250,240.0,12.96,0.0,907.1999999999999,0.0,0.0,0.0,0.0,3120.0,0.0,0.0,0.0,0.0,0.0,0.0,0.0,15.6,0.0,0.0,0.0,0.0,3.24,0.0,0.0,0.0,0.0,0.0,0.0
Brie Cheese (1 oz),Dairy,95,6.0,0.1,7.9,0.0,0.1,178,28,Snack,0,28.4,0.0,0.0,52.25599999999999,0.142,5.68,53.391999999999996,43.168,178.636,0.6759199999999999,49.416,0.019880000000000002,0.14768,0.10791999999999999,0.06674,0.0,0.0,0.142,0.06815999999999998,0.6531999999999999,18.459999999999997,4.944439999999999,2.275692,0.23458399999999996,0.0,28.4,0.0,0.0
Water Cracker (5 crackers),Grain/Processed,70,1.5,12.0,1.5,0.5,0.0,150,0,Snack,0,100.0,7.1,0.0,0.0,0.0,20.0,100.0,99.0,571.0,0.65,0.0,0.111,0.037,1.154,0.041,0.0,0.0,0.0,0.29,1.8,24.0,0.0,4.043,2.457,0.0,0.0,0.0,0.0
Grapefruit (1/2 medium),Fruit,52,1.1,13.2,0.2,2.0,8.5,0,0,Breakfast,0,150.0,2.25,0.0,33.0,0.0,0.0,0.0,202.5,0.0,0.0,0.0,0.0,0.0,0.0,0.0,0.0,0.0,0.0,0.0,0.0,0.0,0.0,0.0,0.0,0.0,0.0,0.0,0.0
Veggie Straws (1 oz),Snack/Processed,130,1.0,17.0,7.0,1.0,1.0,220,0,Snack,0,28.4,1.0224,0.0,0.0,0.0,0.0,0.0,0.0,315.23999999999995,0.0,0.0,0.0,0.0,0.0,0.0,0.0,0.0,0.0,0.0,0.0,0.0,0.5083599999999999,5.083599999999999,0.0,0.0,0.0,0.0,0.0
Fish Tacos (2 tacos),Meal/Fish,420,25.0,40.0,18.0,6.0,5.0,700,60,Dinner,500,100.0,2.6,0.0,36.0,16.3,0.0,0.0,208.0,291.0,0.0,0.0,0.0,0.0,0.0,0.0,0.0,0.0,0.0,0.0,0.0,0.0,1.28,0.0,0.0,0.0,36.0,0.0,0.0
Cabbage Slaw (side),Vegetable,60,1.0,8.0,3.0,2.0,5.0,120,5,Dinner,0,100.0,1.9,0.0,35.0,0.54,16.0,57.0,233.0,295.0,0.33,82.0,0.065,0.095,0.551,0.142,0.0,59.5,0.0,0.86,81.6,47.0,1.245,1.694,4.426,0.0,9.0,0.0,0.0
Lime (juice of 1),Condiment,11,0.2,3.7,0.0,0.4,0.7,1,0,Dinner,0,100.0,0.8,0.0,39.0,1.34,20.0,145.0,143.0,79.0,1.25,110.0,0.097,0.267,0.131,0.062,0.0,5.0,1.5,0.84,0.8,36.0,2.727,6.946,3.871,0.0,250.0,0.0,0.0
Beer (12 oz light),Beverage,103,0.9,5.8,0.0,0.0,0.3,10,0,Snack,355,340.2,0.0,0.0,13.607999999999999,0.06803999999999999,20.412,47.62799999999999,91.85399999999998,13.607999999999999,0.034019999999999995,0.0,0.017009999999999997,0.08505,1.745226,0.156492,0.0,0.0,0.0,0.0,0.0,20.412,0.0,0.0,0.0,0.0,0.0,0.0,0.0
Danish (Cheese 1 medium),Dessert,340,7.0,38.0,18.0,2.0,16.0,300,55,Breakfast,250,150.0,1.6500000000000001,0.0,0.0,3.2249999999999996,0.0,0.0,0.0,391.5,0.0,0.0,0.0,0.0,0.0,0.0,0.0,0.0,0.0,0.0,0.0,0.0,24.450000000000003,0.0,0.0,1.6350000000000002,106.5,0.0,0.0
Kefir (Plain 1 cup),Beverage/Dairy,104,10.0,10.0,2.5,0.0,9.0,100,10,Breakfast,240,240.0,0.0,0.0,297.59999999999997,0.096,28.799999999999997,240.0,381.59999999999997,91.2,1.08,417.59999999999997,0.072,0.41279999999999994,0.3072,0.14159999999999998,0.0,1.92,2.4,0.096,1.44,43.199999999999996,1.4304,0.6863999999999999,0.1128,0.0,12.0,0.0,0.0
Gnocchi (1 cup),Meal/Pasta,210,4.5,45.0,1.5,3.0,2.0,480,0,Dinner,0,240.0,6.0,0.0,0.0,0.72,0.0,0.0,0.0,1240.8,0.0,0.0,0.0,0.0,0.0,0.0,0.0,2.4,0.0,0.0,0.0,0.0,0.0,0.0,0.0,0.0,0.0,0.0,0.0
Pesto Sauce (1/4 cup),Condiment,260,5.0,4.0,26.0,2.0,1.0,550,5,Dinner,0,60.0,0.6,0.0,124.19999999999999,1.122,36.6,138.0,119.39999999999999,592.8,1.248,54.6,0.0462,0.072,0.5622,0.052199999999999996,0.0,2.16,0.06,6.378,57.3,11.4,6.183599999999999,19.959,6.042599999999999,0.0,9.6,0.0,0.0
Pine Nuts (1 tbsp),Nut,95,2.0,2.0,10.0,0.5,0.5,0,0,Dinner,0,15.0,0.555,0.0,2.4,0.8295,37.65,86.25,89.55,0.3,0.9675,0.15,0.054599999999999996,0.03405,0.6580499999999999,0.0141,0.0,0.12,0.0,1.3995,8.084999999999999,5.1,0.73485,2.8146,5.11065,0.0,0.0,0.0,0.0
Chai Latte (12 oz),Beverage,190,7.0,32.0,4.0,1.0,30.0,105,15,Snack,355,340.2,0.0,0.0,486.48599999999993,0.0,0.0,0.0,0.0,4388.58,0.0,0.0,0.0,0.0,0.0,0.0,0.0,0.0,0.0,0.0,0.0,0.0,60.89579999999999,0.0,0.0,0.0,0.0,0.0,0.0
Manicotti (2 shells cheese),Meal/Pasta,380,20.0,35.0,18.0,4.0,7.0,650,60,Dinner,0,100.0,0.6,0.0,203.0,1.48,19.0,187.0,156.0,443.0,1.06,104.0,0.187,0.304,1.36,0.073,0.0,0.0,0.5,0.35,0.8,33.0,5.009,2.271,0.657,0.0,80.0,0.0,0.0
Italian Sausage (1 link),Protein/Meat,200,12.0,3.0,16.0,0.0,1.0,550,50,Dinner,0,45.0,0.0,0.0,5.4,0.5805,8.55,65.25,139.5,344.7,1.0845,9.9,0.1395,0.1089,2.5785000000000005,0.15435000000000001,0.0,0.0,0.45,0.36000000000000004,0.0,0.0,4.117500000000001,5.22,2.232,0.0,36.0,0.0,0.0
Jicama (1 cup sticks),Vegetable,46,0.9,10.6,0.1,5.8,2.1,5,0,Snack,0,240.0,11.76,0.0,28.799999999999997,1.44,28.799999999999997,43.199999999999996,360.0,9.6,0.384,2.4,0.048,0.0696,0.48,0.1008,0.0,48.48,0.0,1.104,0.72,28.799999999999997,0.0504,0.012,0.10319999999999999,0.0,0.0,0.0,0.0
Chili Powder (1 tsp),Condiment,8,0.3,1.4,0.4,0.9,0.2,10,0,Snack,0,100.0,0.0,0.0,0.0,0.0,0.0,0.0,0.0,0.0,0.0,0.0,0.0,0.0,0.0,0.0,0.0,0.0,0.0,0.0,0.0,0.0,0.0,0.0,0.0,0.0,0.0,0.0,0.0
Ants on a Log (4 pcs),Snack,180,6.0,12.0,12.0,3.0,7.0,120,0,Snack,250,100.0,1.3,0.0,25.0,2.66,0.0,0.0,114.0,228.0,0.0,0.0,0.0,0.0,0.0,0.0,0.0,0.0,0.0,0.0,0.0,0.0,7.59,0.0,0.0,0.0,70.0,0.0,0.0
Split Pea Soup (1 cup),Meal/Legume,180,11.0,30.0,2.0,10.0,6.0,700,5,Lunch,250,240.0,10.56,0.0,43.199999999999996,1.896,0.0,0.0,0.0,633.6,0.0,0.0,0.0,0.0,0.0,0.0,0.0,2.64,0.0,0.0,0.0,0.0,0.0,0.0,0.0,0.0,0.0,0.0,0.0
Ham & Cheese Croissant,Meal/Processed,400,15.0,35.0,22.0,2.0,6.0,750,60,Breakfast,250,100.0,0.9,0.0,95.0,1.4,17.0,221.0,179.0,711.0,1.43,146.0,0.34,0.2,2.1,0.15,0.66,0.1,0.8,0.76,2.1,42.0,5.16,4.74,1.48,0.0,140.0,0.0,0.0
Espresso (double shot),Beverage,5,0.5,0.0,0.1,0.0,0.0,1,0,Breakfast,60,100.0,0.0,0.0,2.0,0.13,80.0,7.0,115.0,14.0,0.05,0.0,0.001,0.177,5.207,0.002,0.0,0.2,0.0,0.01,0.1,1.0,0.092,0.0,0.092,0.0,0.0,0.0,0.0
Ricotta Cheese (1/4 cup),Dairy,85,5.5,2.5,6.0,0.0,1.0,50,24,Dinner,0,60.0,0.0,0.0,145.2,0.348,0.0,0.0,0.0,72.6,0.0,0.0,0.0,0.0,0.0,0.0,0.0,0.0,0.0,0.0,0.0,0.0,3.87,0.0,0.0,0.0,24.0,0.0,0.0
Chicken & Rice Soup (1 can),Meal/Processed,130,7.0,18.0,3.0,2.0,2.0,850,15,Lunch,250,350.0,2.8000000000000003,0.0,28.0,0.525,0.0,0.0,815.5,927.5,0.0,0.0,0.0,0.0,0.0,0.0,0.0,1.75,0.0,0.0,0.0,0.0,0.0,0.0,0.0,0.0,14.0,0.0,0.0
Salt (1/4 tsp),Condiment,0,0.0,0.0,0.0,0.0,0.0,580,0,Dinner,0,100.0,0.0,0.0,0.0,0.0,0.0,0.0,0.0,39300.0,0.0,0.0,0.0,0.0,0.0,0.0,0.0,0.0,0.0,0.0,0.0,0.0,0.0,0.0,0.0,0.0,0.0,0.0,0.0
Guava,Fruit,68,2.6,14.3,0.9,5.4,8.9,3,0,Snack,0,100.0,5.2,0.0,20.0,0.55,0.0,0.0,278.0,10.0,0.0,0.0,0.0,0.0,0.0,0.0,0.0,0.0,0.0,0.0,0.0,0.0,0.04,0.0,0.0,0.0,0.0,0.0,0.0
Club Sandwich,Meal/Processed,580,35.0,40.0,30.0,5.0,7.0,1300,95,Lunch,500,100.0,2.4,0.0,79.0,1.76,38.0,231.0,315.0,765.0,1.51,1.0,0.328,0.213,6.212,0.308,0.0,0.1,0.2,0.3,2.5,34.0,2.207,2.733,1.785,0.0,31.0,0.0,0.0
Pickle (1 whole dill),Vegetable,17,0.8,3.7,0.2,1.5,1.7,1200,0,Snack,0,100.0,1.0,0.0,54.0,0.23,7.0,16.0,112.0,808.0,0.11,4.0,0.047,0.057,0.109,0.034,0.0,2.1,0.0,0.12,16.8,8.0,0.079,0.005,0.122,0.0,0.0,0.0,0.0
Turkey Chili (1 cup),Meal/Meat,250,22.0,25.0,7.0,8.0,6.0,750,50,Dinner,250,240.0,5.76,0.0,146.4,1.752,0.0,0.0,0.0,583.1999999999999,0.0,0.0,0.0,0.0,0.0,0.0,0.0,0.0,0.0,0.0,0.0,0.0,0.96,0.0,0.0,0.0,52.8,0.0,0.0
Sour Cream (2 tbsp),Condiment/Dairy,60,0.8,1.3,5.8,0.0,0.8,25,12,Dinner,0,15.0,0.0,0.0,19.95,0.0,0.0,0.0,0.0,7.5,0.0,0.0,0.0,0.0,0.0,0.0,0.0,0.0,0.0,0.0,0.0,0.0,1.755,0.0,0.0,0.0,10.049999999999999,0.0,0.0
Shredded Cheese (Cheddar 1/4 cup),Dairy,115,7.0,1.0,9.5,0.0,0.5,180,30,Dinner,0,60.0,0.0,0.0,0.0,0.216,0.0,0.0,53.4,364.2,0.0,0.0,0.0,0.0,0.0,0.0,0.0,0.0,0.0,0.0,0.0,0.0,12.839999999999998,0.0,0.0,0.0,53.4,0.0,0.0
Matcha Latte (12 oz),Beverage,180,6.0,28.0,5.0,2.0,25.0,90,20,Snack,355,340.2,130.97699999999998,0.0,3640.14,26.161379999999998,0.0,0.0,0.0,2878.0919999999996,0.0,0.0,0.0,0.0,0.0,0.0,0.0,0.0,0.0,0.0,0.0,0.0,0.0,0.0,0.0,0.0,0.0,0.0,0.0
Chocolate Donut (1 medium),Dessert,300,4.0,35.0,17.0,2.0,18.0,230,20,Breakfast,0,150.0,0.0,0.0,48.0,5.265,0.0,0.0,502.5,658.5,0.0,0.0,0.0,0.0,0.0,0.0,0.0,0.0,0.0,0.0,0.0,0.0,9.209999999999999,0.0,0.0,0.0,0.0,0.0,0.0
Tuna Melt,Meal/Processed,450,25.0,32.0,25.0,3.0,4.0,900,50,Lunch,250,100.0,2.3,0.0,457.0,0.0,53.0,382.0,714.0,286.0,1.77,107.0,0.113,0.817,3.301,0.168,0.0,57.1,0.1,6.43,12.2,55.0,2.236,0.968,0.194,0.0,0.0,0.0,0.0
Apple Cider (1 cup),Beverage,117,0.1,29.0,0.3,0.5,27.0,10,0,Snack,240,240.0,0.48,0.0,19.2,0.288,12.0,16.8,242.39999999999998,9.6,0.048,0.0,0.0504,0.0408,0.1752,0.043199999999999995,0.0,2.16,0.0,0.024,0.0,0.0,0.05279999999999999,0.0144,0.0936,0.0,0.0,0.0,0.0
Beef Burrito (large),Meal/Processed,650,30.0,70.0,28.0,10.0,5.0,1400,70,Dinner,500,200.0,4.0,0.0,242.0,5.58,40.0,394.0,330.0,908.0,4.52,22.0,0.61,0.464,8.11,0.314,0.0,0.0,0.0,0.14,9.4,114.0,8.622,6.8,3.032,0.0,60.0,0.0,0.0
Pico de Gallo (1/4 cup),Condiment,15,0.5,3.0,0.0,1.0,2.0,200,0,Dinner,0,60.0,0.72,0.0,14.399999999999999,0.252,0.0,0.0,0.0,3.5999999999999996,0.0,0.0,0.0,0.0,0.0,0.0,0.0,10.56,0.0,0.0,0.0,0.0,0.0,0.0,0.0,0.0,0.0,0.0,0.0
Corn Tortilla (1 medium),Grain,52,1.4,11.2,0.7,1.5,0.2,4,0,Dinner,0,150.0,5.4,0.0,106.5,3.8549999999999995,0.0,0.0,0.0,54.0,0.0,0.0,0.0,0.0,0.0,0.0,0.0,0.0,0.0,0.0,0.0,0.0,0.0,0.0,0.0,0.0,0.0,0.0,0.0
Mussels (3oz steamed),Protein/Seafood,146,20.0,6.0,4.0,0.0,0.0,310,48,Dinner,0,85.1,0.0,0.0,28.083,4.255,36.592999999999996,211.899,344.655,308.062,1.71902,49.358,0.14637199999999997,0.215303,1.637324,0.048507,0.0,6.8931,0.0,0.5956999999999999,0.08510000000000001,34.04,0.457838,0.546342,0.652717,0.0,29.785,0.0,0.0
White Wine Sauce (1/4 cup),Condiment,80,1.0,4.0,6.0,0.5,2.0,300,5,Dinner,0,60.0,0.0,0.0,5.3999999999999995,0.162,6.0,10.799999999999999,42.6,3.0,0.072,0.0,0.003,0.009,0.0648,0.03,0.0,0.0,0.0,0.0,0.24,0.6,0.0,0.0,0.0,0.0,0.0,0.0,0.0
French Bread (2 slices),Grain,180,6.0,36.0,1.0,2.0,2.0,380,0,Dinner,0,40.0,1.4400000000000002,0.0,0.0,0.516,0.0,0.0,0.0,200.0,0.0,0.0,0.0,0.0,0.0,0.0,0.0,1.72,0.0,0.0,0.0,0.0,0.0,0.0,0.0,0.0,0.0,0.0,0.0
Blackberries (1 cup),Fruit,62,2.0,13.8,0.7,7.6,4.9,1,0,Snack,0,240.0,12.0,0.0,69.6,1.704,0.0,0.0,388.8,0.0,0.0,0.0,0.0,0.0,0.0,0.0,0.0,0.0,0.0,0.0,0.0,0.0,0.0,0.0,0.0,0.0,0.0,0.0,0.0
Cheese Danish,Dessert,340,7.0,38.0,18.0,2.0,16.0,300,55,Breakfast,250,100.0,3.6,0.0,0.0,0.0,0.0,0.0,0.0,241.0,0.0,0.0,0.0,0.0,0.0,0.0,0.0,0.0,0.0,0.0,0.0,0.0,9.64,0.0,0.0,0.0,14.0,0.0,0.0
Chicken Salad Sandwich,Meal/Processed,420,20.0,35.0,20.0,3.0,5.0,850,60,Lunch,250,100.0,2.8,0.0,70.0,1.01,0.0,0.0,0.0,415.0,0.0,0.0,0.0,0.0,0.0,0.0,0.0,0.8,0.0,0.0,0.0,0.0,2.11,0.0,0.0,0.0,28.0,0.0,0.0
Soyrizo (2 oz),Protein/Vegetarian,140,10.0,6.0,9.0,3.0,2.0,450,0,Breakfast,0,56.7,2.0412000000000003,0.0,41.391000000000005,1.11132,0.0,0.0,216.59400000000002,484.785,0.0,0.0,0.0,0.0,0.0,0.0,0.0,0.0,0.0,0.0,0.0,0.0,0.51597,1.03194,2.06388,0.0,0.0,0.0,0.0
Hash Browns (1 cup),Vegetable,330,3.0,38.0,19.0,3.0,1.0,550,0,Breakfast,0,240.0,4.8,0.0,31.2,2.592,0.0,0.0,684.0,52.8,0.0,0.0,0.0,0.0,0.0,0.0,0.0,20.16,0.0,0.0,0.0,0.0,0.0,0.0,0.0,0.0,0.0,0.0,0.0
Ketchup (1 packet),Condiment,10,0.1,2.5,0.0,0.1,2.0,90,0,Breakfast,0,35.0,0.105,0.0,4.8999999999999995,0.13649999999999998,4.8999999999999995,9.1,92.75,324.79999999999995,0.055999999999999994,9.1,0.0038499999999999997,0.0581,0.5018999999999999,0.055299999999999995,0.0,1.4349999999999998,0.0,0.511,1.0499999999999998,3.15,0.0049,0.0052499999999999995,0.01435,0.0,0.0,0.0,0.0
Philly Cheesesteak (6 inch),Meal/Processed,500,25.0,40.0,28.0,3.0,5.0,1100,70,Lunch,500,100.0,0.5,0.0,78.0,1.4,0.0,0.0,0.0,782.0,0.0,0.0,0.0,0.0,0.0,0.0,0.0,1.9,0.0,0.0,0.0,0.0,6.22,0.0,0.0,0.0,34.0,0.0,0.0
Cheese Whiz (2 tbsp),Condiment/Processed,90,4.0,3.0,7.0,0.0,2.0,540,20,Lunch,0,15.0,0.045,0.0,53.85,0.028499999999999998,0.0,120.89999999999999,36.0,246.0,0.24599999999999997,0.0,0.0,0.036,0.0,0.0,0.0,0.06,0.0,0.0,0.0,0.0,1.9649999999999999,0.0,0.0,0.0,11.25,0.0,0.0
Onions (sautéed 1/4 cup),Vegetable,30,0.5,5.0,1.0,1.0,3.0,5,0,Lunch,0,60.0,1.02,0.0,10.2,0.144,5.3999999999999995,19.8,102.6,0.6,0.10200000000000001,0.0,0.0276,0.0162,0.0696,0.072,0.0,4.919999999999999,0.0,0.012,0.24,11.4,0.0252,0.0078,0.0102,0.0,0.0,0.0,0.0
Raspberries (1 cup),Fruit,64,1.5,14.7,0.8,8.0,5.4,1,0,Snack,0,240.0,15.36,0.0,50.4,1.704,0.0,0.0,360.0,0.0,0.0,0.0,0.0,0.0,0.0,0.0,0.0,63.35999999999999,0.0,0.0,0.0,0.0,0.0,0.0,0.0,0.0,0.0,0.0,0.0
Cheesy Grits (1 cup),Meal/Grain,210,6.0,34.0,6.0,2.0,1.0,550,20,Breakfast,0,240.0,1.68,0.0,9.6,1.08,16.8,40.8,50.4,194.4,0.288,38.4,0.37679999999999997,0.1128,1.488,0.1344,0.0,0.0,0.0,0.432,2.16,45.6,1.7495999999999998,1.1088,0.9168,0.0,7.199999999999999,0.0,0.0
Collard Greens (with ham hock),Vegetable,180,10.0,15.0,9.0,8.0,3.0,600,30,Dinner,0,100.0,3.5,0.0,118.0,0.0,0.0,0.0,0.0,18.0,0.0,0.0,0.0,0.0,0.0,0.0,0.0,35.3,0.0,0.0,0.0,0.0,0.0,0.0,0.0,0.0,0.0,0.0,0.0
Fried Okra (1 cup),Vegetable,220,4.0,25.0,12.0,5.0,3.0,450,10,Dinner,0,240.0,3.84,0.0,124.8,4.104,55.199999999999996,127.19999999999999,266.4,758.4,1.056,24.0,0.66,0.3864,4.7544,0.084,0.0,8.64,0.24,5.832,72.96,189.6,4.2936,12.559199999999999,11.6064,0.0,26.4,0.0,0.0
Sweet Tea (16 oz),Beverage,180,0.0,46.0,0.0,0.0,46.0,15,0,Lunch,473,453.6,0.0,0.0,0.0,0.0,0.0,0.0,0.0,9.072000000000001,0.0,0.0,0.0,0.0,0.0,0.0,0.0,0.0,0.0,0.0,0.0,0.0,0.0,0.0,0.0,0.0,0.0,0.0,0.0
Gyro (1 sandwich),Meal/Meat,600,25.0,55.0,30.0,5.0,6.0,1200,80,Dinner,250,100.0,1.0,0.0,46.0,1.48,18.0,107.0,205.0,323.0,1.97,9.0,0.22,0.189,3.274,0.117,0.0,3.5,0.0,0.33,3.7,41.0,2.519,2.836,0.548,0.0,29.0,0.0,0.0
Pita Bread (White 1 large),Grain,220,7.0,45.0,2.0,2.0,2.0,440,0,Dinner,0,200.0,10.2,0.0,308.0,5.54,0.0,0.0,0.0,616.0,0.0,0.0,0.0,0.0,0.0,0.0,0.0,0.0,0.0,0.0,0.0,0.0,0.0,0.0,0.0,0.0,0.0,0.0,0.0
Tzatziki Sauce (2 tbsp),Condiment,30,1.5,2.0,2.0,0.0,1.5,100,5,Dinner,0,15.0,0.0,0.0,19.95,0.0,0.0,0.0,0.0,12.45,0.0,0.0,0.0,0.0,0.0,0.0,0.0,0.6,0.0,0.0,0.0,0.0,0.75,0.0,0.0,0.0,2.55,0.0,0.0
Baklava (1 piece),Dessert,280,3.0,30.0,18.0,2.0,20.0,80,10,Snack,0,100.0,2.5,0.0,40.0,1.98,38.0,116.0,170.0,311.0,0.7,157.0,0.237,0.222,1.909,0.117,0.0,1.3,0.1,1.86,3.4,36.0,10.926,8.791,5.135,0.0,48.0,0.0,0.0
Coconut (shredded 1/4 cup),Fruit,110,1.0,4.5,10.5,2.0,1.5,3,0,Snack,0,60.0,2.16,0.0,0.0,1.158,0.0,0.0,0.0,156.6,0.0,0.0,0.0,0.0,0.0,0.0,0.0,0.0,0.0,0.0,0.0,0.0,19.26,0.0,0.0,0.0,0.0,0.0,0.0
S'more (1 serving),Dessert,140,2.0,25.0,4.0,1.0,15.0,90,0,Snack,0,100.0,3.1,0.0,138.0,3.12,0.0,0.0,175.0,219.0,0.0,0.0,0.0,0.0,0.0,0.0,0.0,0.0,0.0,0.0,0.0,0.0,9.38,0.0,0.0,0.0,0.0,0.0,0.0
Graham Cracker (1 large rectangle),Grain/Processed,60,1.0,11.0,1.5,0.5,4.0,70,0,Snack,0,200.0,0.0,0.0,0.0,3.42,0.0,0.0,0.0,666.0,0.0,0.0,0.0,0.0,0.0,0.0,0.0,0.0,0.0,0.0,0.0,0.0,38.0,0.0,0.0,0.0,0.0,0.0,0.0
Marshmallow (1 large),Dessert,23,0.1,5.8,0.0,0.0,4.0,5,0,Snack,0,200.0,0.0,0.0,6.0,0.0,0.0,0.0,6.0,0.0,0.0,0.0,0.0,0.0,0.0,0.0,0.0,0.0,0.0,0.0,0.0,0.0,0.0,0.0,0.0,0.0,0.0,0.0,0.0
Chocolate (Hershey's bar 1 segment),Dessert,25,0.3,3.0,1.5,0.2,2.8,4,1,Snack,0,100.0,8.6,0.0,57.0,10.3,0.0,0.0,0.0,43.0,0.0,0.0,0.0,0.0,0.0,0.0,0.0,0.0,0.0,0.0,0.0,0.0,22.9,0.0,0.0,0.0,0.0,0.0,0.0
Chicken Parm Sandwich,Meal/Processed,650,40.0,55.0,30.0,6.0,9.0,1400,100,Lunch,500,100.0,1.7,0.0,77.0,1.78,25.0,154.0,209.0,571.0,0.63,4.0,0.281,0.149,5.009,0.22,0.0,0.8,0.1,1.82,18.5,52.0,3.072,3.928,5.596,0.0,21.0,0.0,0.0
Mozzarella (1 slice),Dairy,80,6.0,1.0,6.0,0.0,0.5,150,20,Lunch,0,28.35,0.0,0.0,151.95600000000002,0.0,0.0,0.0,0.0,50.746500000000005,0.0,0.0,0.0,0.0,0.0,0.0,0.0,0.0,0.0,0.0,0.0,0.0,4.054050000000001,0.0,0.0,0.0,20.128500000000003,0.0,0.0
Bread Roll (hoagie),Grain,200,6.0,38.0,2.0,2.0,3.0,400,0,Lunch,0,100.0,2.3,0.0,93.0,3.04,19.0,106.0,115.0,380.0,0.79,63.0,0.438,0.436,4.848,0.064,0.0,0.0,0.4,0.26,0.9,105.0,1.593,2.302,1.106,0.0,51.0,0.0,0.0
Artichoke (1 medium steamed),Vegetable,60,4.2,13.4,0.2,6.9,1.2,112,0,Dinner,0,150.0,8.55,0.0,31.5,0.915,63.0,109.5,429.0,90.0,0.6000000000000001,1.5,0.07500000000000001,0.1335,1.665,0.1215,0.0,11.100000000000001,0.0,0.28500000000000003,22.200000000000003,133.5,0.1185,0.0165,0.21749999999999997,0.0,0.0,0.0,0.0
Mayonnaise (1 tbsp for dipping),Condiment,90,0.1,0.1,10.0,0.0,0.1,70,5,Dinner,0,15.0,0.0,0.0,0.0,0.0,0.0,0.0,0.0,91.64999999999999,0.0,0.0,0.0,0.0,0.0,0.0,0.0,0.0,0.0,0.0,0.0,0.0,1.6649999999999998,0.0,0.0,0.0,8.4,0.0,0.0
Calamari (fried 3oz),Meal/Seafood,150,13.0,8.0,7.0,1.0,1.0,600,220,Dinner,0,85.1,0.0,0.0,29.785,0.54464,0.0,0.0,0.0,37.444,0.0,0.0,0.0,0.0,0.0,0.0,0.0,3.5742000000000003,0.0,0.0,0.0,0.0,0.0,0.0,0.0,0.0,192.326,0.0,0.0
Lemon Wedge (for calamari),Condiment,3,0.1,1.0,0.0,0.3,0.2,0,0,Dinner,0,100.0,2.4,0.0,14.0,0.72,0.0,0.0,381.0,380.0,0.0,0.0,0.0,0.0,0.0,0.0,0.0,5.1,0.0,0.0,0.0,0.0,1.84,0.0,0.0,0.147,0.0,0.0,0.0
Root Beer (1 can),Beverage,150,0.0,40.0,0.0,0.0,40.0,55,0,Snack,355,350.0,0.0,0.0,0.0,0.0,0.0,0.0,0.0,35.0,0.0,0.0,0.0,0.0,0.0,0.0,0.0,0.0,0.0,0.0,0.0,0.0,0.0,0.0,0.0,0.0,0.0,0.0,0.0
Chicken McNuggets (6 pcs),Meal/Processed,270,15.0,16.0,16.0,1.0,0.0,500,40,Lunch,0,100.0,0.0,0.0,11.0,0.89,24.0,272.0,252.0,566.0,0.59,0.0,0.16,0.11,7.4,0.398,0.33,1.2,0.0,0.0,0.0,0.0,3.26,8.13,5.61,0.061,44.0,0.296,5.1
BBQ Sauce (2 tbsp),Condiment,60,0.5,15.0,0.0,0.5,12.0,350,0,Lunch,0,15.0,0.0,0.0,0.0,0.0,0.0,0.0,0.0,0.0,0.0,0.0,0.0,0.0,0.0,0.0,0.0,0.0,0.0,0.0,0.0,0.0,0.0,0.0,0.0,0.0,0.0,0.0,0.0
Honey (1 tbsp),Condiment,64,0.1,17.3,0.0,0.0,17.2,1,0,Breakfast,0,15.0,0.03,0.0,0.8999999999999999,0.063,0.3,0.6,7.8,0.6,0.033,0.0,0.0,0.005699999999999999,0.01815,0.0036,0.0,0.075,0.0,0.0,0.0,0.3,0.0,0.0,0.0,0.0,0.0,0.0,0.0
Tofu Scramble,Meal/Vegetarian,250,20.0,8.0,16.0,4.0,3.0,300,0,Breakfast,250,100.0,2.0,0.0,59.0,1.41,0.0,0.0,329.0,310.0,0.0,0.0,0.0,0.0,0.0,0.0,0.0,0.0,0.0,0.0,0.0,0.0,1.57,0.0,0.0,0.0,0.0,0.0,0.0
Turmeric (1 tsp),Condiment,9,0.3,1.9,0.1,0.7,0.1,1,0,Breakfast,0,100.0,0.0,0.0,0.0,0.0,0.0,0.0,0.0,0.0,0.0,0.0,0.0,0.0,0.0,0.0,0.0,0.0,0.0,0.0,0.0,0.0,0.0,0.0,0.0,0.0,0.0,0.0,0.0
Nutritional Yeast (1 tbsp),Condiment,20,3.0,2.0,0.0,1.0,0.0,10,0,Breakfast,0,15.0,0.0,0.0,0.0,0.0,0.0,0.0,175.5,12.45,0.0,0.0,0.3,7.6499999999999995,0.0,0.0,0.0,0.0,0.0,0.0,0.0,0.0,0.0,0.0,0.0,0.0,0.0,0.0,0.0
Seitan (3oz),Protein/Vegetarian,90,18.0,4.0,1.0,1.0,1.0,300,0,Dinner,0,85.1,1.0211999999999999,0.0,20.424,1.4381899999999999,0.0,0.0,0.0,380.397,0.0,0.0,0.0,0.0,0.0,0.0,0.0,0.0,0.0,0.0,0.0,0.0,0.0,0.0,1.0041799999999999,0.0,0.0,0.0,0.0
Vegetable Broth (1 cup),Beverage,15,1.0,3.0,0.0,1.0,2.0,550,0,Dinner,240,240.0,0.0,0.0,0.0,0.0,0.0,0.0,0.0,571.1999999999999,0.0,0.0,0.0,0.0,0.0,0.0,0.0,0.0,0.0,0.0,0.0,0.0,0.0,0.0,0.0,0.0,0.0,0.0,0.0
Mashed Cauliflower (1 cup),Vegetable,140,5.0,12.0,8.0,5.0,4.0,400,25,Dinner,0,240.0,0.0,0.0,0.0,1.536,0.0,0.0,0.0,616.8,0.0,0.0,0.0,0.0,0.0,0.0,0.0,0.0,8664000.0,0.0,0.0,0.0,21.24,0.0,0.0,0.0,96.0,0.0,0.0
Peanut Sauce (2 tbsp),Condiment,80,2.0,4.0,6.0,1.0,3.0,250,0,Dinner,0,15.0,0.27,0.0,3.3,0.1365,6.75,16.05,35.25,200.7,0.11699999999999999,0.0,0.009,0.01905,0.48,0.028499999999999998,0.0,0.0,0.0,0.33449999999999996,0.15,3.3,0.43605,1.0478999999999998,0.7178999999999999,0.0,0.0,0.0,0.0
Tempeh (3oz),Protein/Vegetarian,160,16.0,8.0,9.0,5.0,0.0,10,0,Lunch,0,85.1,0.0,0.0,94.461,2.2977000000000003,68.931,226.36599999999999,350.61199999999997,7.659,0.9701399999999999,0.0,0.06637799999999999,0.304658,2.24664,0.182965,0.06808,0.0,0.0,0.0,0.0,20.424,2.16154,2.7232000000000003,3.6592999999999996,0.0,0.0,0.0,0.0
Sauerkraut (1/2 cup),Vegetable,14,0.7,3.1,0.1,2.0,1.2,468,0,Lunch,0,120.0,3.36,0.0,36.0,1.704,15.6,24.0,198.0,790.8,0.216,31.2,0.024,0.026399999999999996,0.1668,0.1944,0.0,15.36,0.12,0.444,16.8,26.4,1.2804,0.7728,0.5316,0.0,4.8,0.0,0.0
Rye Crispbread (2 slices),Grain,70,2.0,14.0,0.5,3.0,0.0,120,0,Lunch,0,40.0,6.6000000000000005,0.0,12.4,0.9720000000000001,31.200000000000003,107.60000000000001,127.60000000000001,164.0,0.9560000000000001,0.0,0.09720000000000001,0.057999999999999996,0.41600000000000004,0.084,0.0,0.0,0.0,0.32400000000000007,2.4000000000000004,18.8,0.057999999999999996,0.066,0.22280000000000003,0.0,0.0,0.0,0.0
Capers (1 tbsp),Condiment,2,0.2,0.4,0.1,0.3,0.1,200,0,Dinner,0,15.0,1.005,0.0,0.0,0.18,0.0,0.0,0.0,400.5,0.0,0.0,0.0,0.0,0.0,0.0,0.0,0.6,0.0,0.0,0.0,0.0,0.0,0.0,0.0,0.0,0.0,0.0,0.0
Chicken Liver (2 oz cooked),Protein/Meat,91,13.6,0.6,3.6,0.0,0.0,50,320,Dinner,0,56.7,0.11340000000000001,0.0,6.237000000000001,5.73804,11.340000000000002,176.90400000000002,131.544,256.851,1.7520300000000002,1592.1360000000002,0.167265,1.047249,5.264028000000001,0.332262,0.0,9.2421,0.0,0.5613300000000001,0.9639000000000001,326.02500000000003,1.4520870000000001,1.5320340000000001,1.352295,0.0,222.264,0.0,0.0
Onion (1/2 cup raw chopped),Vegetable,32,0.9,7.5,0.1,1.4,3.8,3,0,Dinner,0,120.0,2.76,0.0,19.2,4.224,0.0,0.0,0.0,516.0,0.0,0.0,1.2,0.39840000000000003,5.628,0.0,0.0,0.0,0.0,0.0,0.0,0.0,0.0,0.0,0.0,0.0,0.0,0.0,0.0
Bok Choy (1 cup steamed),Vegetable,10,1.5,2.0,0.1,1.0,1.0,40,0,Dinner,0,240.0,3.024,0.0,148.56,1.0535999999999999,32.64,73.2,547.1999999999999,34.32,0.6576000000000001,0.0,0.0,0.0,0.0,0.0,0.0,72.72,0.0,0.0,0.0,163.2,0.0,0.0,0.0,0.0,0.0,0.0,0.0
Gummy Bears (10 pcs),Snack/Dessert,100,2.0,22.0,0.0,0.0,15.0,10,0,Snack,0,100.0,0.0,0.0,0.0,0.0,0.0,0.0,0.0,90.0,0.0,0.0,0.0,0.0,0.0,0.0,0.0,0.0,0.0,0.0,0.0,0.0,0.0,0.0,0.0,0.0,0.0,0.0,0.0
Whiskey (1.5 oz shot),Beverage,105,0.0,0.1,0.0,0.0,0.1,1,0,Snack,0,42.5,0.0,0.0,0.0,0.017,0.0,1.7,0.85,0.425,0.017,0.0,0.00255,0.0017,0.0055249999999999995,0.000425,0.0,0.0,0.0,0.0,0.0,0.0,0.0,0.0,0.0,0.0,0.0,0.0,0.0
Dates (2 medium Medjool),Fruit,133,0.8,36.0,0.1,3.2,32.0,1,0,Snack,0,150.0,11.25,0.0,0.0,1.35,0.0,0.0,0.0,37.5,0.0,0.0,0.0,0.0,0.0,0.0,0.0,0.0,0.0,0.0,0.0,0.0,0.0,0.0,0.0,0.0,0.0,0.0,0.0
Tahini (1 tbsp),Condiment,89,2.6,3.2,8.0,1.4,0.1,17,0,Snack,0,15.0,1.26,0.0,17.4,1.05,53.55,107.85,61.199999999999996,9.6,0.9059999999999999,0.44999999999999996,0.14895,0.07095,0.8719499999999999,0.08925,0.0,0.0,0.0,0.0,0.255,16.2,1.3455000000000001,3.39,3.9599999999999995,0.0,0.0,0.0,0.0
Chickpeas (1/2 cup canned),Legume,135,7.0,22.0,2.0,6.0,3.0,250,0,Lunch,0,120.0,4.8,0.0,76.8,1.38,0.0,0.0,297.59999999999997,278.4,0.0,0.0,0.0,0.0,0.0,0.0,0.0,0.0,0.0,0.0,0.0,0.0,0.0,0.0,0.0,0.0,0.0,0.0,0.0
Lettuce (Romaine 2 cups),Vegetable,16,1.0,3.0,0.3,2.0,1.0,10,0,Lunch,0,240.0,3.12,0.0,74.39999999999999,0.624,26.4,55.199999999999996,597.6,55.199999999999996,0.624,724.8,0.1584,0.1536,0.7752,0.1488,0.0,19.2,0.0,0.40800000000000003,177.36,91.2,0.0624,0.0192,0.2592,0.0,0.0,0.0,0.0
Italian Dressing (2 tbsp),Condiment,70,0.0,3.0,7.0,0.0,2.0,300,0,Lunch,0,15.0,0.0,0.0,0.0,0.0,0.0,0.0,0.0,175.5,0.0,0.0,0.0,0.0,0.0,0.0,0.0,1.2,0.0,0.0,0.0,0.0,0.0,0.0,0.0,0.0,0.0,0.0,0.0
Croutons (1/4 cup),Grain,50,1.5,7.0,2.0,0.5,0.5,140,0,Lunch,0,60.0,3.0,0.0,57.599999999999994,1.692,25.2,84.0,108.6,799.8,0.564,4.2,0.3036,0.2526,2.7876,0.049800000000000004,0.0,0.0,0.0,0.24,4.56,63.0,3.1481999999999997,5.698799999999999,1.4207999999999998,0.0,4.2,0.0,0.0
Turkey Sausage (1 patty),Protein/Meat,70,9.0,1.0,4.0,0.0,0.5,280,35,Breakfast,0,100.0,0.0,0.0,29.0,2.06,0.0,0.0,0.0,629.0,0.0,0.0,0.0,0.0,0.0,0.0,0.0,0.0,0.0,0.0,0.0,0.0,1.43,0.0,0.0,0.0,71.0,0.0,0.0
Maple Syrup (1 tbsp),Condiment,52,0.0,13.5,0.0,0.0,12.0,1,0,Breakfast,0,15.0,0.0,0.0,15.0,0.0,0.0,0.0,42.449999999999996,0.3,0.0,0.0,0.0,0.0,0.0,0.0,0.0,0.0,0.0,0.0,0.0,0.0,0.0,0.0,0.0,0.0,0.0,0.0,0.0
Quesadilla (Cheese 1 medium),Meal/Processed,400,18.0,35.0,22.0,3.0,2.0,700,50,Lunch,250,150.0,0.0,0.0,1081.5,37500.0,0.0,0.0,160.5,0.0,0.0,0.0,0.0,0.0,0.0,0.0,0.0,0.0,0.0,0.0,0.0,0.0,32.099999999999994,0.0,0.0,0.0,133.5,0.0,0.0
Sour Cream (1 tbsp),Condiment/Dairy,30,0.4,0.6,2.9,0.0,0.4,12,6,Lunch,0,15.0,0.0,0.0,19.95,0.0,0.0,0.0,0.0,7.5,0.0,0.0,0.0,0.0,0.0,0.0,0.0,0.0,0.0,0.0,0.0,0.0,1.755,0.0,0.0,0.0,10.049999999999999,0.0,0.0
Salsa (2 tbsp),Condiment,10,0.5,2.0,0.0,0.5,1.0,120,0,Lunch,0,15.0,0.0,0.0,0.0,0.0,0.0,0.0,0.0,22.5,0.0,0.0,0.0,0.0,0.0,0.0,0.0,3.0,0.0,0.0,0.0,0.0,0.0,0.0,0.0,0.0,0.0,0.0,0.0
Red Cabbage (1 cup raw),Vegetable,22,1.1,5.2,0.1,1.6,2.8,8,0,Dinner,0,240.0,5.52,0.0,74.39999999999999,0.672,0.0,0.0,0.0,1255.2,0.0,0.0,0.0,0.0,0.0,0.0,0.0,44.4,0.0,0.0,0.0,0.0,0.0,0.0,0.0,0.0,0.0,0.0,0.0
Duck (3oz roasted),Protein/Meat,285,16.0,0.0,24.0,0.0,0.0,65,72,Dinner,0,85.1,0.5105999999999999,0.0,9.361,0.33189,4.255,7.659,74.03699999999999,605.912,0.17870999999999998,6.808,0.019573,0.011914,0.203389,0.027232,0.0,0.7659,0.0,0.17020000000000002,0.25529999999999997,1.702,0.043400999999999995,0.015317999999999998,0.022977,0.0,0.0,0.0,0.0
Orange Sauce (1/4 cup for duck),Condiment,90,0.5,22.0,0.0,0.5,20.0,200,0,Dinner,0,60.0,0.0,0.0,0.0,0.0,0.0,0.0,0.0,373.2,0.0,0.0,0.0,0.0,0.0,0.0,0.0,0.0,0.0,0.0,0.0,0.0,0.0,0.0,0.0,0.0,0.0,0.0,0.0
Wild Rice (1 cup cooked),Grain,166,6.5,35.0,0.6,3.0,1.2,5,0,Dinner,0,240.0,10.56,0.0,0.0,3.84,0.0,799.1999999999999,640.8,0.0,7.992,0.0,0.0,0.5448,16.008,1.0655999999999999,0.0,0.0,0.0,0.0,0.0,0.0,0.0,0.0,0.0,0.0,0.0,0.0,0.0
Cupcake (Vanilla 1 medium),Dessert,240,2.0,35.0,11.0,1.0,25.0,200,30,Snack,0,240.0,2.88,0.0,57.599999999999994,2.04,0.0,0.0,0.0,537.6,0.0,0.0,0.0,0.0,0.0,0.0,0.0,3.36,0.0,0.0,0.0,0.0,8.472,0.0,0.0,0.0,127.19999999999999,0.0,0.0
Frosting (Vanilla 2 tbsp),Condiment,140,0.0,22.0,6.0,0.0,22.0,65,0,Snack,0,15.0,0.345,0.0,9.15,0.216,3.0,11.85,17.4,39.9,0.111,7.35,0.043949999999999996,0.03915,0.29595,0.0144,0.0,0.24,0.0,0.282,0.84,8.85,0.49319999999999997,1.06395,1.2847499999999998,0.0,7.8,0.0,0.0
Hot Sauce (1 tsp Tabasco),Condiment,0,0.0,0.0,0.0,0.0,0.0,35,0,Breakfast,0,100.0,0.0,0.0,0.0,0.0,0.0,0.0,0.0,5330.0,0.0,0.0,0.0,0.0,0.0,0.0,0.0,0.0,0.0,0.0,0.0,0.0,0.0,0.0,0.0,0.0,0.0,0.0,0.0
Bison Burger (1 patty),Protein/Meat,150,22.0,0.0,7.0,0.0,0.0,65,70,Lunch,250,100.0,0.0,0.0,14.0,3.16,23.0,211.0,350.0,383.0,5.3,0.0,0.138,0.262,5.919,0.398,0.0,0.0,0.0,0.2,1.3,16.0,3.461,3.267,0.399,0.0,70.0,0.0,0.0
Pretzel Bun (1 medium),Grain,230,8.0,45.0,2.0,2.0,4.0,550,0,Lunch,0,150.0,1.7999999999999998,0.0,210.0,4.29,30.0,228.0,243.0,531.0,1.35,0.0,0.8145,0.369,5.8575,0.2355,0.0,0.30000000000000004,0.30000000000000004,0.495,2.0999999999999996,70.5,3.4844999999999997,4.662,1.9860000000000002,0.0,31.5,0.0,0.0
Spicy Mustard (1 tbsp),Condiment,10,0.5,1.0,0.5,0.5,0.0,120,0,Lunch,0,15.0,0.6449999999999999,0.0,9.45,0.2385,7.199999999999999,16.2,22.5,165.0,0.096,0.6,0.02835,0.0099,0.08415,0.01035,0.0,0.06,0.0,0.0525,0.22499999999999998,1.05,0.0378,0.38849999999999996,0.13545,0.0,0.0,0.0,0.0
Pasta Salad (1 cup),Meal/Pasta,280,8.0,30.0,14.0,4.0,5.0,450,10,Lunch,0,240.0,6.96,0.0,170.4,6.0,0.0,0.0,0.0,993.5999999999999,0.0,0.0,0.0,0.0,0.0,0.0,0.0,0.0,0.0,0.0,0.0,0.0,4.296,0.0,0.0,0.0,9.6,0.0,0.0
Salami (3 slices),Protein/Processed,110,6.0,1.0,9.0,0.0,0.5,500,30,Lunch,0,40.0,0.0,0.0,0.0,0.516,0.0,0.0,0.0,644.0,0.0,0.0,0.0,0.0,0.0,0.0,0.0,0.0,0.0,0.0,0.0,0.0,4.28,0.0,0.0,0.0,42.800000000000004,0.0,0.0
Pepperoncini (2 peppers),Vegetable,10,0.5,2.0,0.0,1.0,1.0,350,0,Lunch,0,100.0,0.0,0.0,0.0,0.0,0.0,0.0,36.0,1180.0,0.0,0.0,0.0,0.0,0.0,0.0,0.0,0.0,0.0,0.0,0.0,0.0,0.0,0.0,0.0,0.0,0.0,0.0,0.0
Coconut Milk (1/4 cup canned),Condiment,111,1.1,2.9,11.6,0.5,1.5,8,0,Dinner,0,60.0,0.0,0.0,112.8,0.18,0.0,0.0,11.4,11.4,0.0,37.8,0.0,0.0,0.0,0.0,0.378,0.0,0.6,0.0,0.0,0.0,1.2498,0.0,0.0,0.0,0.0,0.0,0.0
Green Curry Paste (1 tbsp),Condiment,30,0.5,2.0,2.5,1.0,1.0,400,0,Dinner,0,15.0,0.345,0.0,7.05,0.37649999999999995,0.0,0.0,0.0,600.0,0.0,0.0,0.0,0.0,0.0,0.0,0.0,4.185,0.0,0.0,0.0,0.0,0.174,0.0,0.0,0.0,0.0,0.0,0.0
Chicken Thigh (1 roasted),Protein/Meat,210,24.0,0.0,13.0,0.0,0.0,90,120,Dinner,0,100.0,0.0,0.0,18.0,0.63,0.0,0.0,0.0,66.0,0.0,0.0,0.0,0.0,0.0,0.0,0.0,1.1,0.0,0.0,0.0,0.0,3.95,0.0,0.0,0.0,83.0,0.0,0.0
Jasmine Rice (1 cup cooked),Grain,205,4.3,45.0,0.4,0.6,0.0,2,0,Dinner,0,240.0,0.0,0.0,0.0,0.0,0.0,0.0,213.6,0.0,0.0,0.0,0.0,0.0,8.544,0.0,0.0,0.0,0.0,0.0,0.0,384.0,0.0,0.0,0.0,0.0,0.0,0.0,0.0
Thai Iced Tea (1 glass),Beverage,250,3.0,35.0,12.0,0.0,33.0,50,35,Snack,300,100.0,1.2,0.0,0.0,0.85,0.0,0.0,0.0,12.0,0.0,0.0,0.0,0.0,0.0,0.0,0.0,0.0,0.0,0.0,0.0,0.0,3.53,0.0,0.0,0.0,29.0,0.0,0.0
Papaya (1 cup cubes),Fruit,62,0.6,15.7,0.4,2.5,11.0,12,0,Snack,0,240.0,24.0,0.0,360.0,0.0,0.0,0.0,0.0,43.199999999999996,0.0,432.0,0.0,0.0,0.0,0.0,0.0,14.399999999999999,0.0,0.0,0.0,0.0,0.0,0.0,0.0,0.0,0.0,0.0,0.0
Lime Juice (1 tbsp),Condiment,4,0.1,1.3,0.0,0.1,0.2,0,0,Snack,0,15.0,0.0,0.0,0.0,0.0,0.0,0.0,15.0,0.0,0.0,0.0,0.0,0.0,0.0,0.0,0.0,4.994999999999999,0.0,0.0,0.0,0.0,0.0,0.0,0.0,0.0,0.0,0.0,0.0
Macaroni Salad (1 cup),Meal/Pasta,380,8.0,30.0,25.0,3.0,6.0,750,20,Lunch,0,240.0,1.68,0.0,0.0,0.0,0.0,0.0,0.0,1384.8,0.0,0.0,0.0,0.0,0.0,0.0,0.0,1.92,0.0,0.0,0.0,0.0,11.831999999999999,0.0,0.0,0.0,60.0,0.0,0.0
Celery (1 stalk),Vegetable,6,0.3,1.2,0.1,0.6,0.5,32,0,Lunch,0,100.0,1.8,0.0,36.0,0.33,0.0,0.0,0.0,105.0,0.0,0.0,0.0,0.0,0.0,0.0,0.0,8.2,0.0,0.0,0.0,0.0,0.0,0.0,0.0,0.0,0.0,0.0,0.0
Blue Cheese (1 oz),Dairy,100,6.0,0.7,8.0,0.0,0.1,325,21,Snack,0,28.4,1.0224,0.0,152.224,0.0,0.0,0.0,0.0,386.23999999999995,0.0,0.0,0.0,0.0,0.0,0.0,0.0,0.0,0.0,0.0,0.0,0.0,3.55,0.0,0.0,0.0,15.335999999999999,0.0,0.0
Dark Chocolate (1 oz 70%),Dessert,170,2.2,13.0,12.0,3.0,7.0,5,0,Snack,0,28.4,2.9819999999999998,0.0,39.476,2.24076,0.0,0.0,162.164,7.3839999999999995,0.0,0.0,0.0,0.0,0.0,0.0,0.0,0.0,29.819999999999997,0.0,0.0,0.0,4.4872,0.0,0.0,0.0,0.0,0.0,0.0
Acai Bowl (1 serving),Meal/Fruit,350,5.0,60.0,12.0,10.0,30.0,40,0,Breakfast,250,100.0,2.3,0.0,11.0,0.34,0.0,0.0,136.0,6.0,0.0,0.0,0.0,0.0,0.0,0.0,0.0,0.0,0.0,0.0,0.0,0.0,0.56,0.0,0.0,0.0,0.0,0.0,0.0
Granola (1/4 cup topping),Grain,120,3.0,15.0,6.0,3.0,7.0,20,0,Breakfast,0,60.0,4.26,0.0,42.6,2.316,0.0,0.0,0.0,53.4,0.0,0.0,0.0,0.0,0.0,0.0,0.0,0.0,0.0,0.0,0.0,0.0,2.142,0.0,0.0,0.0,0.0,0.0,0.0
Coconut Flakes (1 tbsp topping),Fruit,35,0.3,1.5,3.3,0.7,0.5,1,0,Breakfast,0,15.0,2.445,0.0,0.0,0.0,0.0,0.0,0.0,5.55,0.0,0.0,0.0,0.0,0.0,0.0,0.0,0.0,0.0,0.0,0.0,0.0,0.0,0.0,0.0,0.0,0.0,0.0,0.0
Honey (1 tsp drizzle),Condiment,21,0.0,5.8,0.0,0.0,5.8,0,0,Breakfast,0,100.0,0.2,0.0,6.0,0.42,2.0,4.0,52.0,4.0,0.22,0.0,0.0,0.038,0.121,0.024,0.0,0.5,0.0,0.0,0.0,2.0,0.0,0.0,0.0,0.0,0.0,0.0,0.0
Shrimp Cocktail (4 large shrimp),Protein/Seafood,60,10.0,1.0,1.0,0.0,0.5,300,110,Snack,0,200.0,0.8,0.0,116.0,0.82,50.0,478.0,368.0,1004.0,2.02,106.0,0.042,0.05,3.612,0.314,0.0,5.8,0.2,3.04,2.8,36.0,0.494,0.344,0.56,0.0,238.0,0.0,0.0
Cocktail Sauce (2 tbsp),Condiment,30,0.5,7.0,0.0,0.5,5.0,450,0,Snack,0,15.0,0.27,0.0,3.9,0.12449999999999999,2.55,4.5,46.35,189.29999999999998,0.056999999999999995,2.6999999999999997,0.00315,0.00705,0.12299999999999998,0.012,0.0,1.74,0.0,0.162,0.66,2.55,0.0,0.0,0.0,0.0,0.0,0.0,0.0
Pork Bun (1 steamed),Meal/Processed,220,8.0,30.0,8.0,2.0,6.0,400,20,Lunch,0,100.0,2.0,0.0,70.0,1.8,32.0,163.0,262.0,549.0,2.32,4.0,0.354,0.241,3.87,0.252,0.0,0.2,0.5,0.36,2.2,26.0,2.894,3.509,1.665,0.0,43.0,0.0,0.0
Dim Sum (Siu Mai 3 pcs),Meal/Processed,180,12.0,10.0,10.0,2.0,1.0,550,60,Lunch,0,100.0,2.4,0.0,16.0,1.44,0.0,0.0,0.0,320.0,0.0,0.0,0.0,0.0,0.0,0.0,0.0,1.0,0.0,0.0,0.0,0.0,1.6,0.0,0.0,0.0,20.0,0.0,0.0
Soy Sauce (1 tbsp for dipping),Condiment,9,1.0,1.0,0.0,0.1,0.4,920,0,Lunch,0,15.0,0.12,0.0,4.95,0.2175,11.1,24.9,65.25,823.9499999999999,0.1305,0.0,0.00495,0.02475,0.3294,0.022199999999999998,0.0,0.0,0.0,0.0,0.0,2.1,0.01095,0.013199999999999998,0.03945,0.0,0.0,0.0,0.0
Oyster (1 medium raw),Protein/Seafood,8,1.0,0.5,0.2,0.0,0.0,50,10,Dinner,0,150.0,1.7999999999999998,0.0,145.5,3.63,27.0,100.5,204.0,754.5,15.03,150.0,0.22199999999999998,0.1695,2.754,0.10500000000000001,0.0,2.7,0.6000000000000001,2.0100000000000002,48.75,48.0,3.213,7.038,5.1975,0.0,15.0,0.0,0.0
Mignonette Sauce (1 tbsp),Condiment,5,0.0,1.0,0.0,0.0,0.5,30,0,Dinner,0,15.0,0.105,0.0,5.1,0.11549999999999999,1.65,14.549999999999999,32.55,50.55,0.1755,1.7999999999999998,0.00825,0.01485,0.32804999999999995,0.03705,0.0,0.255,0.045,0.045,1.485,0.6,0.1548,0.15764999999999998,0.21105,0.0,2.6999999999999997,0.0,0.0
Beef Pho (1 large bowl),Meal/Soup,450,30.0,55.0,12.0,4.0,5.0,1500,60,Dinner,500,200.0,0.8,0.0,18.0,1.16,14.0,98.0,156.0,730.0,2.64,2.0,0.044,0.092,2.236,0.19,0.0,2.0,0.0,0.1,4.0,12.0,2.556,2.93,0.236,0.0,36.0,0.0,0.0
Bean Sprouts (1/4 cup garnish),Vegetable,8,0.8,1.5,0.1,0.4,1.0,1,0,Dinner,0,60.0,0.8999999999999999,0.0,46.199999999999996,0.33,0.0,0.0,0.0,69.0,0.0,0.0,0.0,0.0,0.0,0.0,0.0,0.0,0.0,0.0,0.0,0.0,0.0,0.0,0.0,0.0,0.0,0.0,0.0
Thai Basil (garnish),Condiment,1,0.1,0.0,0.0,0.0,0.0,0,0,Dinner,0,100.0,0.5,0.0,12.0,0.94,10.0,18.0,103.0,2055.0,0.13,66.0,0.026,0.07,0.142,0.123,0.0,3.6,0.0,0.01,0.2,1.0,0.085,0.049,0.321,0.0,0.0,0.0,0.0
Lime Wedge (garnish),Condiment,3,0.1,1.0,0.0,0.3,0.2,0,0,Dinner,0,100.0,2.4,0.0,14.0,0.72,0.0,0.0,381.0,380.0,0.0,0.0,0.0,0.0,0.0,0.0,0.0,5.1,0.0,0.0,0.0,0.0,1.84,0.0,0.0,0.147,0.0,0.0,0.0
Jalapeno (1 tbsp sliced),Vegetable,4,0.1,0.8,0.1,0.4,0.5,1,0,Dinner,0,40.0,0.0,0.0,71.60000000000001,0.0,0.0,0.0,0.0,85.60000000000001,0.0,0.0,0.0,0.0,0.0,0.0,0.0,6.840000000000001,0.0,0.0,0.0,0.0,0.0,0.0,0.0,0.0,0.0,0.0,0.0
Hoisin Sauce (1 tbsp),Condiment,35,0.3,8.0,0.2,0.1,5.0,220,0,Dinner,0,15.0,0.42,0.0,4.8,0.1515,3.5999999999999996,5.7,17.849999999999998,242.25,0.048,0.0,0.0006,0.032549999999999996,0.1755,0.0093,0.0,0.06,0.0,0.042,0.075,3.4499999999999997,0.08519999999999998,0.14445,0.2547,0.0,0.44999999999999996,0.0,0.0
Sriracha (1 tsp),Condiment,5,0.1,1.0,0.1,0.1,0.8,80,0,Dinner,0,100.0,0.0,0.0,536.0,1.29,0.0,0.0,0.0,750.0,0.0,0.0,0.0,0.0,0.0,0.0,0.0,42.9,0.0,0.0,0.0,0.0,12.5,0.0,0.0,0.0,71.0,0.0,0.0
Crepe (1 plain),Grain,90,3.5,14.0,2.0,0.5,3.0,100,25,Breakfast,0,100.0,0.6,0.0,95.0,1.87,17.0,150.0,169.0,278.0,0.86,98.0,0.213,0.313,1.426,0.067,0.0,0.0,1.5,0.79,3.6,43.0,3.444,4.113,2.508,0.0,153.0,0.0,0.0
Nutella (1 tbsp),Condiment,100,1.5,11.0,6.0,1.0,10.0,10,0,Breakfast,0,15.0,0.81,0.0,21.45,0.537,8.85,24.15,39.75,45.15,0.1875,0.0,0.043199999999999995,0.02985,0.49995,0.01995,0.0,0.015,0.0,0.2925,0.6449999999999999,7.8,1.5534,0.06375,0.15314999999999998,0.0,0.0,0.0,0.0
Powdered Sugar (1 tsp),Condiment,10,0.0,2.5,0.0,0.0,2.5,0,0,Breakfast,0,100.0,1.9,0.0,77.0,2.08,0.0,0.0,0.0,481.0,0.0,0.0,0.0,0.0,0.0,0.0,0.0,0.0,0.0,0.0,0.0,0.0,6.73,0.0,0.0,0.0,38.0,0.0,0.0
Sake (3 oz),Beverage,117,0.4,3.8,0.0,0.0,0.0,4,0,Dinner,0,85.1,0.0,0.0,4.255,0.08510000000000001,5.106,5.106,21.275,1.702,0.01702,0.0,0.0,0.0,0.0,0.0,0.0,0.0,0.0,0.0,0.0,0.0,0.0,0.0,0.0,0.0,0.0,0.0,0.0
Edamame (in pod 1 cup),Legume,120,11.0,9.0,5.0,5.0,2.0,9,0,Snack,250,240.0,11.28,0.0,141.6,5.088,0.0,0.0,1156.8,14.399999999999999,0.0,0.0,0.0,0.0,0.0,0.0,0.0,0.0,0.0,0.0,0.0,0.0,0.0,0.0,0.0,0.0,0.0,0.0,0.0
Sea Salt (coarse 1/4 tsp),Condiment,0,0.0,0.0,0.0,0.0,0.0,550,0,Snack,0,100.0,0.0,0.0,0.0,0.0,0.0,0.0,0.0,41700.0,0.0,0.0,0.0,0.0,0.0,0.0,0.0,0.0,0.0,0.0,0.0,0.0,0.0,0.0,0.0,0.0,0.0,0.0,0.0
Biryani (Chicken 1.5 cups),Meal/Meat,520,28.0,60.0,18.0,5.0,6.0,900,75,Dinner,0,240.0,2.88,0.0,40.8,2.496,26.4,84.0,244.79999999999998,424.8,0.768,153.6,0.24719999999999998,0.0576,2.3544,0.17039999999999997,0.0,9.839999999999998,0.0,0.288,6.96,76.8,4.092,1.6224,0.36479999999999996,0.0,21.599999999999998,0.0,0.0
Raita (2 tbsp),Condiment/Dairy,30,1.0,2.0,2.0,0.5,1.5,100,5,Dinner,0,15.0,3.0,0.0,0.0,0.0,0.0,0.0,0.0,1200.0,0.0,0.0,0.0,0.0,0.0,0.0,0.0,0.0,0.0,0.0,0.0,0.0,0.0,0.0,0.0,0.0,0.0,0.0,0.0
Lassi (Mango 1 cup),Beverage,180,5.0,30.0,4.0,1.0,28.0,60,15,Snack,240,240.0,0.0,0.0,204.0,2.7359999999999998,100.8,153.6,0.0,91.2,2.28,0.0,0.0,0.432,5.088,0.5087999999999999,1.536,15.36,100.8,0.0,0.0,0.0,2.04,0.0,0.0,0.0,9.6,0.0,0.0
Samosa (1 piece vegetable),Snack/Processed,130,2.0,18.0,6.0,2.0,1.0,300,0,Snack,0,100.0,1.8,0.0,33.0,2.16,16.0,73.0,166.0,388.0,0.43,54.0,0.309,0.199,2.578,0.067,0.0,0.4,0.1,2.38,14.0,44.0,4.406,6.161,5.031,0.0,14.0,0.0,0.0
Tamarind Chutney (1 tbsp),Condiment,20,0.1,5.0,0.0,0.5,4.0,120,0,Snack,0,15.0,0.75,0.0,15.0,0.27,0.0,0.0,0.0,127.5,0.0,0.0,0.0,0.0,0.0,0.0,0.0,0.8999999999999999,0.0,0.0,0.0,0.0,0.0,0.0,0.0,0.0,0.0,0.0,0.0
Mint Chutney (1 tbsp),Condiment,5,0.2,0.5,0.0,0.3,0.2,150,0,Snack,0,15.0,0.15,0.0,2.85,0.0645,0.6,2.55,10.2,120.3,0.0075,0.0,0.0021,0.01005,0.0048,0.0026999999999999997,0.0,1.155,0.0,0.0165,0.0,1.5,0.0013499999999999999,0.00495,0.0,0.0,0.0,0.0,0.0
Pani Puri (6 pcs),Snack/Processed,200,4.0,35.0,5.0,3.0,2.0,400,0,Snack,0,100.0,3.5,0.0,16.0,2.55,43.0,120.0,134.0,170.0,1.04,0.0,0.287,0.137,2.926,0.078,0.0,0.0,0.0,4.73,24.5,35.0,3.339,10.199,9.568,0.0,0.0,0.0,0.0
Passion Fruit (1 fruit),Fruit,17,0.4,4.2,0.1,1.9,2.0,5,0,Snack,0,100.0,0.0,0.0,0.0,1.2,0.0,0.0,0.0,6.0,0.0,0.0,0.0,0.0,0.0,0.0,0.0,33.3,0.0,0.0,0.0,0.0,0.0,0.0,0.0,0.0,0.0,0.0,0.0
Kimchi Jjigae (1 bowl),Meal/Soup,350,15.0,20.0,22.0,5.0,6.0,1200,30,Dinner,500,100.0,1.6,0.0,33.0,2.5,14.0,24.0,151.0,498.0,0.22,5.0,0.01,0.21,1.1,0.213,0.0,0.0,0.0,0.11,43.6,52.0,0.067,0.037,0.241,0.0,0.0,0.0,0.0
Silken Tofu (3oz in soup),Protein/Vegetarian,45,5.0,2.0,2.5,0.5,1.0,5,0,Dinner,0,85.1,0.0,0.0,0.0,0.69782,0.0,0.0,210.197,0.0,0.0,0.0,0.0,0.0,0.0,0.0,0.0,0.0,0.0,0.0,0.0,0.0,0.0,0.0,0.0,0.0,0.0,0.0,0.0
Pork Belly (1 oz in soup),Protein/Meat,145,3.0,0.0,15.0,0.0,0.0,150,20,Dinner,0,28.4,0.0,0.0,15.62,0.30672,5.68,56.23199999999999,80.65599999999999,127.23199999999999,0.9996799999999999,2.84,0.15336,0.11218,2.5327119999999996,0.13773999999999997,0.0,0.0,0.45439999999999997,0.07952000000000001,0.0,0.0,3.3157,3.9694679999999996,1.5265,0.0,29.535999999999998,0.0,0.0
Gochugaru (1 tsp),Condiment,10,0.3,1.8,0.3,0.5,0.3,1,0,Dinner,0,100.0,17.5,0.0,125.0,7.88,75.0,0.0,975.0,688.0,0.0,0.0,0.0,0.0,0.0,1.25,0.0,33.8,0.0,0.0,0.0,0.0,1.25,1.88,3.75,0.0,0.0,0.0,0.0
Gochujang (1 tbsp),Condiment,30,0.5,6.0,0.0,0.5,4.0,200,0,Dinner,0,15.0,0.0,0.0,0.0,0.0,0.0,0.0,34.949999999999996,145.04999999999998,0.0,0.0,0.0,0.0,0.0,0.0,0.0,0.0,0.0,0.0,0.0,0.0,0.0,0.0,0.0,0.0,0.0,0.0,0.0
Sesame Oil (1 tsp),Condiment,40,0.0,0.0,4.5,0.0,0.0,0,0,Dinner,0,100.0,0.0,0.0,0.0,0.0,0.0,0.0,0.0,0.0,0.0,0.0,0.0,0.0,0.0,0.0,0.0,0.0,0.0,1.4,13.6,0.0,14.2,39.7,41.7,0.0,0.0,0.0,0.0
Fish Sauce (1 tsp),Condiment,5,0.4,0.5,0.0,0.0,0.4,450,0,Dinner,0,100.0,0.0,0.0,43.0,0.78,175.0,7.0,288.0,7851.0,0.2,4.0,0.012,0.057,2.313,0.396,0.0,0.5,0.0,0.0,0.0,51.0,0.003,0.002,0.003,0.0,0.0,0.0,0.0
Green Onion (1 tbsp garnish),Vegetable,3,0.2,0.7,0.0,0.2,0.2,0,0,Dinner,0,15.0,0.39,0.0,10.799999999999999,0.222,3.0,5.55,41.4,2.4,0.058499999999999996,7.5,0.00825,0.012,0.07875,0.00915,0.0,2.82,0.0,0.0825,31.049999999999997,9.6,0.0048,0.00405,0.011099999999999999,0.0,0.0,0.0,0.0
Kombucha (16 oz),Beverage,60,0.0,14.0,0.0,0.0,12.0,20,0,Snack,473,453.6,0.0,0.0,0.0,0.0,0.0,0.0,0.0,18.144000000000002,0.0,0.0,0.0,0.0,0.0,0.0,0.0,0.0,0.0,0.0,0.0,0.0,0.0,0.0,0.0,0.0,0.0,0.0,0.0
Beef Wellington (1 slice),Meal/Meat,600,30.0,35.0,38.0,4.0,4.0,850,100,Dinner,0,40.0,0.16000000000000003,0.0,3.6,1.364,8.4,68.0,109.60000000000001,72.8,1.328,6.0,0.06520000000000001,0.132,1.3468,0.1004,0.0,0.24,0.12,0.42000000000000004,2.72,12.8,3.8256,4.5884,1.1844,0.0,33.2,0.0,0.0
Pate (Mushroom 2 tbsp),Condiment,70,1.0,2.0,7.0,1.0,1.0,100,0,Dinner,0,15.0,0.0,0.0,1.5,1.3784999999999998,1.95,26.25,14.25,57.9,0.321,32.55,0.0078,0.21015,1.12755,0.039,0.0,1.5,0.0,0.147,0.0,48.15,0.6,0.792,0.369,0.0,58.65,0.0,0.0
Puff Pastry (1 oz wrapper),Grain,115,1.5,9.0,8.0,0.5,0.0,100,0,Dinner,0,28.4,0.284,0.0,19.88,0.568,0.0,0.0,35.215999999999994,93.71999999999998,0.568,0.0,0.0,0.056799999999999996,0.568,0.0,0.0,0.0,0.0,0.0,0.0,23.855999999999998,4.26,2.272,0.71,0.0,4.26,0.0,0.0
Prosciutto (1 slice),Protein/Meat,35,4.0,0.0,2.5,0.0,0.0,280,10,Dinner,0,40.0,0.0,0.0,0.0,0.516,0.0,0.0,0.0,916.0,0.0,0.0,0.0,0.0,0.0,0.0,0.0,0.0,0.0,0.0,0.0,0.0,5.0,0.0,0.0,0.0,35.6,0.0,0.0
Asparagus (6 spears roasted),Vegetable,40,4.0,4.0,2.0,3.0,2.0,150,0,Dinner,0,100.0,2.4,0.0,24.0,2.35,0.0,0.0,202.0,0.0,0.0,0.0,0.0,0.0,0.0,0.0,0.0,0.0,0.0,0.0,0.0,0.0,0.0,0.0,0.0,0.0,0.0,0.0,0.0
Hollandaise Sauce (1 tbsp),Condiment,55,0.5,0.2,6.0,0.0,0.1,75,25,Dinner,0,15.0,0.0,0.0,7.8,0.129,0.44999999999999996,19.65,8.549999999999999,49.35,0.111,85.35,0.0072,0.01815,0.00225,0.0141,0.0,0.585,0.285,0.2565,0.66,5.7,4.53435,2.0493,0.41624999999999995,0.0,69.89999999999999,0.0,0.0
Flan (1 slice),Dessert,220,6.0,35.0,7.0,0.0,33.0,80,90,Snack,0,40.0,0.0,0.0,38.0,0.196,4.4,44.0,51.6,65.2,0.22400000000000003,26.0,0.0104,0.08120000000000001,0.0244,0.0108,0.0,0.16000000000000003,0.52,0.124,0.08000000000000002,6.0,0.8964000000000001,0.6556000000000001,0.21240000000000003,0.0,44.800000000000004,0.0,0.0
Caramel Sauce (1 tbsp),Condiment,60,0.0,13.0,1.0,0.0,12.0,30,5,Snack,0,15.0,0.0,0.0,0.0,0.0,0.0,0.0,0.0,7.5,0.0,0.0,0.0,0.0,0.0,0.0,0.0,0.0,0.0,0.0,0.0,0.0,0.0,0.0,0.0,0.0,0.0,0.0,0.0
Congee (1 cup plain),Meal/Grain,130,2.5,28.0,1.0,1.0,0.5,300,0,Breakfast,0,240.0,0.24,0.0,12.0,0.864,9.6,31.2,24.0,561.6,0.36,0.0,0.1176,0.0096,1.056,0.0672,0.0,0.0,0.0,0.024,0.0,40.8,0.0552,0.0624,0.0552,0.0,0.0,0.0,0.0
Pickled Radish (1/4 cup),Vegetable,15,0.5,3.0,0.0,1.0,2.0,250,0,Breakfast,0,60.0,0.78,0.0,13.2,0.174,4.8,10.2,116.39999999999999,586.1999999999999,0.138,0.0,0.005399999999999999,0.0192,0.12,0.031799999999999995,0.0,6.24,0.0,0.0,0.66,10.799999999999999,0.0162,0.0084,0.024,0.0,0.0,0.0,0.0
Pork Floss (1 tbsp),Protein/Meat,50,4.0,3.0,2.0,0.0,2.5,150,10,Breakfast,0,15.0,0.0,0.0,2.85,0.17099999999999999,0.8999999999999999,9.0,7.05,157.5,0.357,3.4499999999999997,0.012,0.0102,0.165,0.0096,0.0,0.0,0.0,0.025500000000000002,0.0,0.15,0.4845,0.7695,0.18,0.00735,13.35,0.0063,0.1479
Century Egg (1 egg),Protein,100,7.0,1.0,7.0,0.0,0.5,300,200,Breakfast,0,100.0,0.0,0.0,0.0,0.0,0.0,0.0,0.0,0.0,0.0,0.0,0.0,0.391,0.0,0.0,0.0,0.0,0.0,0.0,0.0,0.0,0.0,0.0,0.0,0.0,0.0,0.0,0.0
Arugula (2 cups),Vegetable,10,1.0,0.8,0.2,0.4,0.4,6,0,Lunch,0,240.0,3.36,0.0,388.8,3.552,0.0,0.0,878.4,67.2,0.0,288.0,0.0,0.0,0.0,0.0,0.0,35.52,0.0,0.0,259.2,136.79999999999998,0.0,0.0,0.0,0.0,0.0,0.0,0.0
Goat Cheese (1 oz),Dairy,103,6.1,0.1,8.5,0.0,0.1,146,22,Lunch,0,28.4,0.0,0.0,202.77599999999998,0.0,0.0,0.0,0.0,192.83599999999998,0.0,0.0,0.0,0.0,0.0,0.0,0.0,1.2211999999999998,0.0,0.0,0.0,0.0,6.0775999999999994,0.0,0.0,0.0,27.263999999999996,0.0,0.0
Beets (1/2 cup roasted),Vegetable,30,0.8,6.8,0.1,1.4,5.8,50,0,Lunch,0,120.0,0.96,0.0,0.0,0.0,0.0,0.0,0.0,249.6,0.0,0.0,0.0,0.0,0.0,0.0,0.0,0.0,0.0,0.0,0.0,0.0,0.0,0.0,0.0,0.0,0.0,0.0,0.0
Walnuts (1 tbsp chopped),Nut,46,1.1,1.0,4.6,0.5,0.2,0,0,Lunch,0,15.0,0.9299999999999999,0.0,14.1,0.4215,0.0,0.0,65.7,0.0,0.0,0.0,0.0,0.0,0.0,0.0,0.0,0.0,0.0,0.0,0.0,0.0,0.9375,1.407,7.034999999999999,0.0,0.0,0.0,0.0
Balsamic Glaze (1 tbsp),Condiment,40,0.0,9.0,0.0,0.0,8.0,10,0,Lunch,0,15.0,0.0,0.0,0.0,0.0,0.0,0.0,0.0,0.0,0.0,0.0,0.0,0.0,0.0,0.0,0.0,0.0,0.0,0.0,0.0,0.0,0.0,0.0,0.0,0.0,0.0,0.0,0.0
Bobotie (1 serving),Meal/Meat,450,25.0,30.0,25.0,5.0,15.0,700,150,Dinner,0,100.0,0.0,0.0,0.0,0.0,0.0,0.0,0.0,0.0,0.0,0.0,0.0,0.0,0.0,0.0,0.0,0.0,0.0,0.0,0.0,0.0,0.0,0.0,0.0,0.0,0.0,0.0,0.0
Yellow Rice (1 cup),Grain,230,4.0,50.0,1.0,2.0,1.0,300,0,Dinner,0,240.0,4.32,0.0,86.39999999999999,3.096,0.0,0.0,0.0,2496.0,0.0,0.0,0.0,0.0,0.0,0.0,0.0,10.319999999999999,0.0,0.0,0.0,0.0,0.0,0.0,0.0,0.0,0.0,0.0,0.0
Chutney (Mango 1 tbsp),Condiment,45,0.1,11.0,0.1,0.5,10.0,180,0,Dinner,0,15.0,0.15,0.0,2.85,0.0645,0.6,2.55,10.2,120.3,0.0075,0.0,0.0021,0.01005,0.0048,0.0026999999999999997,0.0,1.155,0.0,0.0165,0.0,1.5,0.0013499999999999999,0.00495,0.0,0.0,0.0,0.0,0.0
Malva Pudding (1 slice),Dessert,380,5.0,60.0,14.0,2.0,40.0,350,60,Snack,0,40.0,0.27999999999999997,0.0,16.400000000000002,0.168,5.2,22.8,59.6,51.2,0.11200000000000002,8.0,0.0244,0.042800000000000005,0.21760000000000002,0.032400000000000005,0.0,1.2800000000000002,0.12,0.10400000000000001,0.4,6.0,0.488,0.7996000000000001,0.24680000000000002,0.0,15.200000000000001,0.0,0.0
Custard (1/4 cup),Condiment,80,3.0,10.0,3.0,0.0,8.0,40,40,Snack,0,60.0,0.0,0.0,70.2,0.18,7.199999999999999,72.6,94.8,50.4,0.354,49.199999999999996,0.0288,0.11399999999999999,0.056999999999999995,0.03,0.0,0.0,0.84,0.132,0.12,6.0,0.9882,0.6234,0.2298,0.0,48.0,0.0,0.0
Bubble Tea (16 oz milk tea),Beverage,320,2.0,70.0,4.0,1.0,60.0,100,10,Snack,473,453.6,0.45360000000000006,0.0,68.04,0.5896800000000001,4.5360000000000005,54.432,77.11200000000001,40.824000000000005,0.27216,54.432,0.018144000000000004,0.10886400000000002,0.058968000000000007,0.031752,0.0,0.45360000000000006,0.0,0.13608,0.9072000000000001,4.5360000000000005,3.8283840000000002,1.8098640000000004,0.30391200000000007,0.0,18.144000000000002,0.0,0.0
Tapioca Pearls (1/4 cup boba),Condiment,100,0.0,25.0,0.0,0.0,20.0,5,0,Snack,0,60.0,0.54,0.0,12.0,0.948,0.6,4.2,6.6,0.6,0.072,0.0,0.0024,0.0,0.0,0.0048,0.0,0.0,0.0,0.0,0.0,2.4,0.003,0.003,0.0018,0.0,0.0,0.0,0.0
Paella (1.5 cups seafood),Meal/Rice,550,30.0,70.0,18.0,6.0,5.0,1200,110,Dinner,0,240.0,5.28,0.0,160.79999999999998,3.84,0.0,0.0,0.0,3552.0,0.0,0.0,0.0,0.0,0.0,0.0,0.0,19.2,0.0,0.0,0.0,0.0,0.0,0.0,0.0,0.0,16.8,0.0,0.0
Chorizo (1 oz in paella),Protein/Meat,130,6.0,1.0,11.0,0.0,0.5,350,30,Dinner,0,28.4,0.0,0.0,10.508,0.6645599999999999,8.52,58.788,123.53999999999999,279.17199999999997,0.62196,0.0,0.10365999999999999,0.11927999999999998,2.0050399999999997,0.157336,0.0,0.0,0.42599999999999993,0.42599999999999993,1.7039999999999997,2.84,2.6837999999999997,3.3227999999999995,1.34616,0.0,30.387999999999998,0.0,0.0
Saffron (pinch),Condiment,1,0.0,0.1,0.0,0.0,0.0,0,0,Dinner,0,100.0,0.0,0.0,0.0,0.0,0.0,0.0,0.0,0.0,0.0,0.0,0.0,0.0,0.0,0.0,0.0,0.0,0.0,0.0,0.0,0.0,0.0,0.0,0.0,0.0,0.0,0.0,0.0
Aioli (Garlic 1 tbsp),Condiment,95,0.1,0.5,10.5,0.0,0.1,70,5,Dinner,0,15.0,0.03,0.0,0.0,0.0,0.0,0.0,0.0,115.8,0.0,0.0,0.0,0.0,0.0,0.0,0.0,0.0,0.0,0.0,0.0,0.0,1.32,0.0,0.0,0.0,0.0,0.0,0.0
Gazpacho (1 cup),Meal/Soup,90,2.0,12.0,4.0,3.0,7.0,600,0,Lunch,240,240.0,3.12,0.0,43.199999999999996,0.768,0.0,0.0,0.0,180.0,0.0,0.0,0.0,0.0,0.0,0.0,0.0,50.64,0.0,0.0,0.0,0.0,0.0,0.0,0.0,0.0,0.0,0.0,0.0
Croutons (Garlic 1/4 cup),Grain,50,1.5,7.0,2.0,0.5,0.5,140,0,Lunch,0,60.0,3.0,0.0,57.599999999999994,1.692,25.2,84.0,108.6,799.8,0.564,4.2,0.3036,0.2526,2.7876,0.049800000000000004,0.0,0.0,0.0,0.24,4.56,63.0,3.1481999999999997,5.698799999999999,1.4207999999999998,0.0,4.2,0.0,0.0
Olive Oil (1 tsp garnish),Condiment,40,0.0,0.0,4.5,0.0,0.0,0,0,Lunch,0,100.0,0.0,0.0,1.0,0.56,0.0,0.0,1.0,2.0,0.0,0.0,0.0,0.0,0.0,0.0,0.0,0.0,0.0,20.88,26.0,0.0,15.52,68.42,9.469,0.0,0.0,0.0,0.0
Churros (2 sticks),Dessert,240,3.0,30.0,12.0,1.5,10.0,200,20,Snack,0,100.0,2.6,0.0,110.0,2.42,17.0,115.0,105.0,309.0,0.62,5.0,0.305,0.182,2.567,0.038,0.0,1.2,0.1,1.42,11.6,106.0,9.247,7.09,3.509,0.0,29.0,0.0,0.0
Chocolate Sauce (1 tbsp dipping),Condiment,50,0.5,10.0,1.5,1.0,8.0,5,0,Snack,0,15.0,0.105,0.0,5.1,0.11549999999999999,1.65,14.549999999999999,32.55,50.55,0.1755,1.7999999999999998,0.00825,0.01485,0.32804999999999995,0.03705,0.0,0.255,0.045,0.045,1.485,0.6,0.1548,0.15764999999999998,0.21105,0.0,2.6999999999999997,0.0,0.0
Cinnamon Sugar (1 tsp),Condiment,20,0.0,5.0,0.0,0.0,5.0,0,0,Snack,0,100.0,0.0,0.0,0.0,0.0,0.0,0.0,0.0,0.0,0.0,0.0,0.0,0.0,0.0,0.0,0.0,0.0,0.0,0.0,0.0,0.0,0.0,0.0,0.0,0.0,0.0,0.0,0.0
Horchata (1 cup),Beverage,140,2.0,25.0,3.0,1.0,22.0,30,5,Snack,240,240.0,0.0,0.0,280.8,0.0,0.0,0.0,360.0,189.6,0.0,0.0,0.0,0.0,0.0,0.0,0.0,0.0,100.8,0.0,0.0,0.0,0.0,0.0,0.0,0.0,4.8,0.0,0.0
Ceviche (1 cup fish),Meal/Fish,180,25.0,15.0,2.0,3.0,4.0,700,45,Lunch,0,240.0,1.2,0.0,52.8,0.384,48.0,256.8,676.8,357.59999999999997,0.552,52.8,0.09119999999999999,0.0312,0.7103999999999999,0.5952,0.0,44.64,12.239999999999998,1.8239999999999998,4.08,26.4,0.3816,0.3168,0.5976,0.0,43.199999999999996,0.0,0.0
Red Onion (1/4 cup in ceviche),Vegetable,16,0.3,3.7,0.0,0.4,1.8,1,0,Lunch,0,60.0,0.84,0.0,8.4,0.0,0.0,0.0,0.0,0.0,0.0,0.0,0.0,0.0,0.0,0.0,0.0,2.4599999999999995,0.0,0.0,0.0,0.0,0.0,0.0,0.0,0.0,0.0,0.0,0.0
Cilantro (2 tbsp garnish),Condiment,1,0.1,0.0,0.0,0.1,0.0,0,0,Lunch,0,15.0,0.0,0.0,0.0,0.0,0.0,0.0,0.0,0.0,0.0,0.0,0.0,0.0,0.0,0.0,0.0,0.0,0.0,0.0,0.0,0.0,0.0,0.0,0.0,0.0,0.0,0.0,0.0
Corn Nuts (1 oz),Snack/Processed,130,2.0,23.0,4.0,2.0,0.0,180,0,Snack,0,28.4,1.9596,0.0,2.5559999999999996,0.4742799999999999,32.092,78.1,78.952,160.176,0.50552,0.0,0.011644,0.03692,0.48109599999999997,0.065036,0.0,0.0,0.0,0.5623199999999999,2.6412,0.0,0.69012,2.68664,0.8661999999999999,0.0,0.0,0.0,0.0
Lomo Saltado (1.5 cups),Meal/Meat,500,35.0,45.0,22.0,5.0,6.0,1100,90,Dinner,0,240.0,0.0,0.0,86.39999999999999,1.704,0.0,0.0,429.59999999999997,3936.0,0.0,0.0,0.0,0.0,0.0,0.0,0.0,0.0,33.6,0.0,0.0,0.0,0.0,0.0,0.0,0.0,86.39999999999999,0.0,0.0
French Fries (as side),Vegetable/Processed,200,2.0,25.0,10.0,2.0,0.2,130,0,Dinner,0,100.0,2.4,0.0,0.0,0.43,0.0,0.0,0.0,48.0,0.0,0.0,0.0,0.0,0.0,0.0,0.0,2.9,0.0,0.0,0.0,0.0,2.38,3.57,2.38,0.0,0.0,0.0,0.0
Soy Sauce (1 tbsp in stir-fry),Condiment,9,1.0,1.0,0.0,0.1,0.4,920,0,Dinner,0,15.0,0.12,0.0,4.95,0.2175,11.1,24.9,65.25,823.9499999999999,0.1305,0.0,0.00495,0.02475,0.3294,0.022199999999999998,0.0,0.0,0.0,0.0,0.0,2.1,0.01095,0.013199999999999998,0.03945,0.0,0.0,0.0,0.0
Aji Amarillo Paste (1 tsp),Condiment,5,0.1,1.0,0.0,0.5,0.5,50,0,Dinner,0,100.0,0.0,0.0,0.0,0.0,0.0,0.0,0.0,941.0,0.0,0.0,0.0,0.0,0.0,0.0,0.0,0.0,0.0,0.0,0.0,0.0,0.0,0.0,0.0,0.0,0.0,0.0,0.0
Pisco Sour (1 drink),Beverage,250,1.0,25.0,0.0,0.0,24.0,5,5,Snack,180,100.0,0.0,0.0,0.0,0.0,0.0,0.0,0.0,29.0,0.0,0.0,0.0,0.0,0.0,0.0,0.0,0.0,0.0,0.0,0.0,0.0,0.0,0.0,0.0,0.0,0.0,0.0,0.0
Egg White (in drink),Condiment,17,3.6,0.2,0.0,0.0,0.2,55,0,Snack,0,100.0,0.0,0.0,0.0,0.0,0.0,0.0,0.0,0.0,0.0,0.0,0.0,0.391,0.0,0.0,0.0,0.0,0.0,0.0,0.0,0.0,0.0,0.0,0.0,0.0,0.0,0.0,0.0
Angostura Bitters (dash),Condiment,5,0.0,0.0,0.0,0.0,0.0,0,0,Snack,0,100.0,1.9,0.0,9.0,0.37,16.0,35.0,309.0,127.0,0.75,17.0,0.049,0.051,0.271,0.056,0.0,31.9,0.0,0.52,6.7,49.0,0.68,0.935,0.806,0.0,2.0,0.0,0.0
Alfajores (1 cookie),Dessert,180,2.0,22.0,10.0,1.0,15.0,60,20,Snack,0,100.0,0.0,0.0,0.0,0.0,0.0,0.0,0.0,382.0,0.0,0.0,0.0,0.0,0.0,0.0,0.0,0.0,0.0,0.0,0.0,0.0,8.82,0.0,0.0,0.0,0.0,0.0,0.0
Dulce de Leche (1 tbsp filling),Condiment,65,1.0,12.0,1.5,0.0,10.0,30,5,Snack,0,15.0,0.0,0.0,37.65,0.025500000000000002,3.3,28.95,52.5,19.349999999999998,0.1185,11.1,0.0024,0.06075,0.0315,0.0024,0.0,0.39,0.03,0.03,0.195,1.65,0.6800999999999999,0.32144999999999996,0.056249999999999994,0.0,4.35,0.0,0.0
Coconut (shredded garnish),Fruit,10,0.1,0.5,1.0,0.2,0.1,0,0,Snack,0,100.0,3.6,0.0,0.0,1.93,0.0,0.0,0.0,261.0,0.0,0.0,0.0,0.0,0.0,0.0,0.0,0.0,0.0,0.0,0.0,0.0,32.1,0.0,0.0,0.0,0.0,0.0,0.0
Mate (1 cup),Beverage,5,0.2,1.0,0.0,0.0,0.0,2,0,Breakfast,240,240.0,0.0,0.0,0.0,0.0,0.0,0.0,0.0,0.0,0.0,0.0,0.0,0.0,0.0,0.0,0.0,0.0,0.0,0.0,0.0,0.0,0.0,0.0,0.0,0.0,0.0,0.0,0.0
Media Luna (1 pastry),Grain,190,4.0,25.0,8.0,1.0,9.0,150,25,Breakfast,0,100.0,4.3,0.0,886.0,14.2,329.0,785.0,412.0,386.0,9.72,374.0,0.12,3.0,37.1,2.4,6.4,68.0,3.1,8.4,40.8,1060.0,5.52,2.93,2.71,0.007,0.0,0.124,2.58
Chimichurri (1 tbsp),Condiment,45,0.1,0.5,4.5,0.2,0.1,100,0,Dinner,0,15.0,0.0,0.0,10.65,0.0,0.0,0.0,0.0,156.0,0.0,0.0,0.0,0.0,0.0,0.0,0.0,6.435,0.0,0.0,0.0,0.0,0.0,0.0,0.0,0.0,0.0,0.0,0.0
Skirt Steak (4oz grilled),Protein/Meat,240,26.0,0.0,15.0,0.0,0.0,70,80,Dinner,0,113.4,0.0,0.0,20.412000000000003,2.6875800000000005,0.0,0.0,0.0,675.864,0.0,0.0,0.0,0.0,0.0,0.0,0.0,0.0,0.0,0.0,0.0,0.0,2.9824200000000003,3.98034,0.0,0.0,54.432,0.0,0.0
Provoleta (1 oz grilled cheese),Dairy,100,7.0,1.0,8.0,0.0,0.5,250,20,Dinner,0,28.4,0.0,0.0,0.0,0.0,0.0,0.0,0.0,0.0,0.0,0.0,0.0,0.0,0.0,0.0,0.0,0.0,0.0,0.0,0.0,0.0,0.0,0.0,0.0,0.0,0.0,0.0,0.0
Oregano (1 tsp),Condiment,3,0.1,0.7,0.0,0.2,0.0,0,0,Dinner,0,100.0,0.0,0.0,0.0,0.0,0.0,0.0,0.0,0.0,0.0,0.0,0.0,0.0,0.0,0.0,0.0,0.0,0.0,0.0,0.0,0.0,0.0,0.0,0.0,0.0,0.0,0.0,0.0
Empanada (Beef 1 medium),Meal/Processed,290,10.0,28.0,16.0,3.0,3.0,550,30,Lunch,0,150.0,2.4000000000000004,0.0,75.0,3.06,27.0,187.5,280.5,688.5,3.4499999999999997,18.0,0.2445,0.21749999999999997,4.926,0.26849999999999996,0.0,1.9500000000000002,0.0,0.48,6.1499999999999995,52.5,10.3725,12.870000000000001,2.7285,0.0,46.5,0.0,0.0
Chicken Milanesa (1 serving),Meal/Meat,450,35.0,30.0,22.0,3.0,2.0,700,100,Dinner,0,100.0,0.0,0.0,13.0,1.1,0.0,0.0,248.0,396.0,0.0,0.0,0.0,0.0,0.0,0.0,0.0,0.0,88.0,0.0,0.0,0.0,1.1,0.0,0.0,0.0,33.0,0.0,0.0
Mashed Potatoes (side),Vegetable,150,3.0,25.0,4.0,2.0,2.0,300,10,Dinner,0,100.0,0.0,0.0,0.0,0.0,0.0,0.0,0.0,0.0,0.0,0.0,0.0,0.0,0.0,0.0,0.0,0.0,0.0,0.0,0.0,0.0,0.0,0.0,0.0,0.0,0.0,0.0,0.0
Flan (1 slice),Dessert,220,6.0,35.0,7.0,0.0,33.0,80,90,Snack,0,40.0,0.0,0.0,38.0,0.196,4.4,44.0,51.6,65.2,0.22400000000000003,26.0,0.0104,0.08120000000000001,0.0244,0.0108,0.0,0.16000000000000003,0.52,0.124,0.08000000000000002,6.0,0.8964000000000001,0.6556000000000001,0.21240000000000003,0.0,44.800000000000004,0.0,0.0
Choripan (1 sandwich),Meal/Processed,550,20.0,40.0,35.0,3.0,4.0,1100,80,Lunch,250,100.0,0.0,0.0,0.0,0.0,0.0,0.0,0.0,0.0,0.0,0.0,0.0,0.0,0.0,0.0,0.0,0.0,0.0,0.0,0.0,0.0,0.0,0.0,0.0,0.0,0.0,0.0,0.0
Baguette (slice),Grain,70,2.5,14.0,0.5,0.6,0.5,150,0,Lunch,0,40.0,0.7200000000000001,0.0,14.4,1.028,0.0,0.0,0.0,214.4,0.0,12.8,0.0,0.0,0.0,0.0,0.0,0.0,0.0,0.0,0.0,0.0,0.0,0.0,0.0,0.0,0.0,0.0,0.0
Chimichurri (1 tbsp),Condiment,45,0.1,0.5,4.5,0.2,0.1,100,0,Lunch,0,15.0,0.0,0.0,10.65,0.0,0.0,0.0,0.0,156.0,0.0,0.0,0.0,0.0,0.0,0.0,0.0,6.435,0.0,0.0,0.0,0.0,0.0,0.0,0.0,0.0,0.0,0.0,0.0
Pizza (Margherita 1 slice),Meal/Processed,250,12.0,30.0,10.0,3.0,4.0,600,25,Dinner,250,40.0,0.32000000000000006,0.0,30.400000000000002,0.328,0.0,0.0,0.0,160.8,0.0,0.0,0.0,0.0,0.0,0.0,0.0,1.08,0.0,0.0,0.0,0.0,2.12,0.0,0.0,0.0,12.0,0.0,0.0
Fresh Mozzarella (1 oz),Dairy,72,5.0,0.8,5.0,0.0,0.3,138,22,Dinner,0,28.4,0.0,0.0,152.224,0.0,0.0,0.0,0.0,86.336,0.0,0.0,0.0,0.0,0.0,0.0,0.0,0.0,0.0,0.0,0.0,0.0,3.0387999999999997,0.0,0.0,0.0,20.163999999999998,0.0,0.0
Basil (2 tbsp fresh),Condiment,1,0.1,0.1,0.0,0.1,0.0,0,0,Dinner,0,15.0,0.0,0.0,0.0,0.0,0.0,0.0,0.0,0.0,0.0,0.0,0.0,0.0,0.0,0.0,0.0,0.0,0.0,0.0,0.0,0.0,0.0,0.0,0.0,0.0,0.0,0.0,0.0
Carbonara (1.5 cups),Meal/Pasta,650,25.0,60.0,35.0,4.0,4.0,900,250,Dinner,0,240.0,0.0,0.0,504.0,2.4,0.0,0.0,312.0,744.0,0.0,0.0,0.0,0.0,0.0,0.0,0.0,0.0,0.0,0.0,0.0,0.0,14.399999999999999,0.0,0.0,0.0,96.0,0.0,0.0
Guanciale (1 oz),Protein/Meat,170,3.0,0.0,18.0,0.0,0.0,450,35,Dinner,0,28.4,0.0,0.0,0.0,0.0,0.0,0.0,0.0,343.64,0.0,0.0,0.0,0.0,0.0,0.0,0.0,0.0,0.0,0.0,0.0,0.0,6.0775999999999994,0.0,0.0,0.0,25.275999999999996,0.0,0.0
Pecorino Cheese (1 tbsp),Dairy,25,1.5,0.1,2.0,0.0,0.0,110,6,Dinner,0,15.0,0.0,0.0,135.0,0.5355,0.0,0.0,13.95,300.0,0.0,0.0,0.0,0.0,0.0,0.0,0.0,0.0,0.0,0.0,0.0,0.0,2.6849999999999996,0.0,0.0,0.0,13.35,0.0,0.0
Black Pepper (1/4 tsp),Condiment,1,0.0,0.2,0.0,0.1,0.0,0,0,Dinner,0,100.0,41.7,0.0,0.0,0.0,0.0,0.0,0.0,0.0,0.0,0.0,0.0,0.0,0.0,0.0,0.0,0.0,0.0,0.0,0.0,0.0,0.0,0.0,0.0,0.0,0.0,0.0,0.0
Egg Yolk (1 large in sauce),Protein,55,2.7,0.6,4.5,0.0,0.3,8,184,Dinner,0,200.0,0.0,0.0,578.0,19.12,52.0,2080.0,528.0,298.0,15.46,966.0,0.774,2.52,0.166,1.484,0.0,0.0,20.8,9.62,3.0,418.0,40.6,46.8,20.6,0.484,4620.0,0.362,17.2
Supplì (1 piece fried rice ball),Snack/Processed,200,8.0,25.0,8.0,2.0,2.0,400,25,Snack,0,100.0,0.0,0.0,0.0,0.0,0.0,0.0,0.0,0.0,0.0,0.0,0.0,0.0,0.0,0.0,0.0,0.0,0.0,0.0,0.0,0.0,0.0,0.0,0.0,0.0,0.0,0.0,0.0
Aperol Spritz (1 drink),Beverage,180,0.0,20.0,0.0,0.0,20.0,10,0,Snack,150,100.0,0.0,0.0,0.0,0.0,0.0,0.0,0.0,10.0,0.0,0.0,0.0,0.0,0.0,0.0,0.0,0.0,0.0,0.0,0.0,0.0,0.0,0.0,0.0,0.0,0.0,0.0,0.0
Prosecco (3 oz),Beverage,70,0.0,2.0,0.0,0.0,1.5,5,0,Snack,0,85.1,0.0,0.0,0.0,0.0,0.0,0.0,0.0,0.0,0.0,0.0,0.0,0.0,0.0,0.0,0.0,0.0,0.0,0.0,0.0,0.0,0.0,0.0,0.0,0.0,0.0,0.0,0.0
Club Soda (2 oz),Beverage,0,0.0,0.0,0.0,0.0,0.0,20,0,Snack,0,56.7,0.0,0.0,0.0,0.0,0.0,0.0,0.0,13.608,0.0,0.0,0.0,0.0,0.0,0.0,0.0,0.0,0.0,0.0,0.0,0.0,0.0,0.0,0.0,0.0,0.0,0.0,0.0
Orange Slice (garnish),Fruit,5,0.1,1.0,0.0,0.2,0.8,0,0,Snack,0,40.0,0.0,0.0,0.0,0.0,0.0,0.0,0.0,0.0,0.0,0.0,0.0,0.0,0.0,0.0,0.0,0.0,0.0,0.0,0.0,0.0,0.0,0.0,0.0,0.0,0.0,0.0,0.0
Tagliatelle al Ragù (Bolognese),Meal/Pasta,550,28.0,65.0,20.0,7.0,8.0,850,70,Dinner,500,100.0,0.0,0.0,2.0,0.14,1.0,1.0,1.0,6.0,0.05,0.0,0.001,0.001,0.003,0.0,0.0,0.0,0.0,0.0,0.0,0.0,0.0,0.0,0.0,0.0,0.0,0.0,0.0
Ground Beef (2 oz in sauce),Protein/Meat,140,11.0,0.0,10.0,0.0,0.0,40,35,Dinner,0,56.7,0.0,0.0,10.206000000000001,0.9128700000000002,0.0,0.0,0.0,37.989000000000004,0.0,0.0,0.0,0.0,0.0,0.0,0.0,0.0,0.0,0.0,0.0,0.0,6.0669,0.0,0.0,0.0,48.19500000000001,0.0,0.0
Pancetta (0.5 oz in sauce),Protein/Meat,45,1.5,0.0,4.5,0.0,0.0,160,10,Dinner,0,14.2,0.0,0.0,0.0,0.0,0.0,0.0,0.0,187.43999999999997,0.0,0.0,0.0,0.0,0.0,0.0,0.0,0.0,0.0,0.0,0.0,0.0,2.2862,0.0,0.0,0.0,10.081999999999999,0.0,0.0
Carrot (1/4 minced in sauce),Vegetable,10,0.2,2.4,0.1,0.7,1.2,17,0,Dinner,0,100.0,2.9,0.0,36.0,0.12,12.0,35.0,258.0,75.0,0.2,762.0,0.054,0.106,1.074,0.13,0.0,4.2,0.0,0.66,11.3,40.0,0.028,0.01,0.083,0.0,0.0,0.0,0.0
Celery (1/4 stalk minced),Vegetable,2,0.1,0.4,0.0,0.2,0.2,12,0,Dinner,0,100.0,1.8,0.0,36.0,0.33,0.0,0.0,0.0,105.0,0.0,0.0,0.0,0.0,0.0,0.0,0.0,8.2,0.0,0.0,0.0,0.0,0.0,0.0,0.0,0.0,0.0,0.0,0.0
Onion (1/8 minced in sauce),Vegetable,5,0.1,1.2,0.0,0.2,0.6,1,0,Dinner,0,100.0,2.3,0.0,16.0,3.52,0.0,0.0,0.0,430.0,0.0,0.0,1.0,0.332,4.69,0.0,0.0,0.0,0.0,0.0,0.0,0.0,0.0,0.0,0.0,0.0,0.0,0.0,0.0
Crushed Tomatoes (1/2 cup sauce),Vegetable,20,1.0,4.0,0.0,1.5,3.0,200,0,Dinner,0,120.0,1.92,0.0,45.6,0.792,0.0,0.0,324.0,177.6,0.0,0.0,0.0,0.0,0.0,0.0,0.0,0.0,0.0,0.0,0.0,0.0,0.0,0.0,0.0,0.0,0.0,0.0,0.0
Parmigiano-Reggiano (1 tbsp),Dairy,22,2.0,0.2,1.5,0.0,0.0,95,4,Dinner,0,15.0,0.0,0.0,160.5,0.0,0.0,0.0,0.0,96.45,0.0,0.0,0.0,0.0,0.0,0.0,0.0,0.0,0.0,0.0,0.0,0.0,3.2099999999999995,0.0,0.0,0.0,13.35,0.0,0.0
Cannoli (1 medium),Dessert,240,5.0,25.0,13.0,1.0,18.0,100,30,Snack,0,350.0,0.0,0.0,73.5,3.3249999999999997,0.0,0.0,196.0,14.0,0.0,0.0,0.0,0.0,0.0,0.0,0.0,0.0,0.0,0.0,0.0,0.0,29.47,0.0,0.0,0.0,17.5,0.0,0.0
Ricotta (filling 1 oz),Dairy,49,3.2,0.8,3.8,0.0,0.1,23,14,Snack,0,28.4,0.0,0.0,70.43199999999999,0.07668,5.111999999999999,48.848,50.55199999999999,28.967999999999996,0.2698,33.227999999999994,0.009087999999999999,0.07270399999999999,0.034932,0.017039999999999996,0.0,0.0,0.056799999999999996,0.048279999999999997,0.17039999999999997,2.272,1.689232,0.692108,0.092016,0.0,11.36,0.0,0.0
Pistachio (garnish),Nut,10,0.4,0.5,0.8,0.2,0.1,0,0,Snack,0,100.0,10.0,0.0,133.0,4.8,200.0,500.0,0.0,383.0,0.0,0.0,0.0,0.0,0.0,1.0,0.0,4.0,0.0,0.0,0.0,0.0,6.67,26.7,11.7,0.0,0.0,0.0,0.0
Biscotti (1 cookie),Dessert,110,2.0,18.0,4.0,1.0,9.0,50,15,Snack,0,100.0,0.0,0.0,83.0,1.5,0.0,0.0,0.0,500.0,0.0,0.0,0.0,0.0,0.0,0.0,0.0,0.0,0.0,0.0,0.0,0.0,10.4,0.0,0.0,0.0,83.0,0.0,0.0
Espresso (for dipping),Beverage,2,0.2,0.0,0.0,0.0,0.0,1,0,Snack,30,100.0,0.0,0.0,2.0,0.13,80.0,7.0,115.0,14.0,0.05,0.0,0.001,0.177,5.207,0.002,0.0,0.2,0.0,0.01,0.1,1.0,0.092,0.0,0.092,0.0,0.0,0.0,0.0
Focaccia (1 square),Grain,250,8.0,40.0,7.0,2.0,2.0,500,0,Lunch,0,100.0,1.8,0.0,0.0,3.21,0.0,0.0,0.0,571.0,0.0,0.0,0.0,0.0,0.0,0.0,0.0,0.0,0.0,0.0,0.0,0.0,0.0,0.0,0.0,0.0,0.0,0.0,0.0
Rosemary (1 tsp topping),Condiment,1,0.0,0.2,0.0,0.1,0.0,0,0,Lunch,0,100.0,0.0,0.0,0.0,0.0,0.0,0.0,0.0,0.0,0.0,0.0,0.0,0.0,0.0,0.0,0.0,0.0,0.0,0.0,0.0,0.0,0.0,0.0,0.0,0.0,0.0,0.0,0.0
Coarse Salt (garnish),Condiment,0,0.0,0.0,0.0,0.0,0.0,200,0,Lunch,0,100.0,3.22,0.0,17.2,1.55,35.2,130.0,174.0,0.0,0.947,0.0,0.405,0.247,3.63,0.0828,0.0,0.0,0.0,0.0,0.0,168.0,0.0,0.0,0.0,0.0,0.0,0.0,0.0
Olive Oil (1 tbsp drizzle),Condiment,120,0.0,0.0,14.0,0.0,0.0,0,0,Lunch,0,15.0,0.0,0.0,0.15,0.084,0.0,0.0,0.15,0.3,0.0,0.0,0.0,0.0,0.0,0.0,0.0,0.0,0.0,3.1319999999999997,3.9,0.0,2.328,10.263,1.4203499999999998,0.0,0.0,0.0,0.0
Bruschetta (2 pcs),Snack/Appetizer,180,4.0,25.0,7.0,3.0,4.0,350,0,Snack,0,100.0,1.5,0.0,50.0,1.58,17.0,52.0,187.0,264.0,0.42,26.0,0.206,0.138,2.129,0.095,0.0,7.9,0.0,1.76,10.2,45.0,1.227,4.603,1.175,0.0,0.0,0.0,0.0
Balsamic Glaze (1 tsp),Condiment,13,0.0,3.0,0.0,0.0,2.7,3,0,Snack,0,100.0,0.0,0.0,0.0,0.0,0.0,0.0,0.0,0.0,0.0,0.0,0.0,0.0,0.0,0.0,0.0,0.0,0.0,0.0,0.0,0.0,0.0,0.0,0.0,0.0,0.0,0.0,0.0
Ribollita (1.5 cups soup),Meal/Soup,350,15.0,55.0,8.0,14.0,10.0,900,5,Dinner,500,240.0,9.6,0.0,160.79999999999998,7.4399999999999995,0.0,0.0,369.59999999999997,1272.0,0.0,0.0,0.0,0.0,0.0,0.0,0.0,0.0,0.0,0.0,0.0,0.0,3.5999999999999996,0.0,0.0,0.0,132.0,0.0,0.0
Cannellini Beans (1/2 cup in soup),Legume,105,7.0,20.0,0.5,6.0,1.0,230,0,Dinner,0,120.0,30.839999999999996,0.0,136.79999999999998,9.251999999999999,0.0,0.0,0.0,34.8,0.0,0.0,0.0,0.0,0.0,0.0,0.0,4.08,0.0,0.0,0.0,0.0,0.0,0.0,0.0,0.0,0.0,0.0,0.0
Kale (1 cup in soup),Vegetable,33,2.9,6.0,0.6,2.0,1.0,29,0,Dinner,0,240.0,4.32,0.0,319.2,3.816,84.0,127.19999999999999,1072.8,105.6,0.0,0.0,0.0,0.288,2.544,0.636,0.0,292.8,0.0,0.0,1987.1999999999998,67.2,0.0,0.0,0.0,0.0,0.0,0.0,0.0
Stale Bread (1/2 cup in soup),Grain,80,3.0,15.0,1.0,1.0,1.5,160,0,Dinner,0,120.0,1.44,0.0,175.2,2.4839999999999995,30.0,157.2,205.2,362.4,0.744,40.8,0.2796,0.2304,2.1311999999999998,0.1248,0.0,1.56,0.6,2.892,14.399999999999999,50.4,3.1799999999999997,7.302,9.4908,0.0,54.0,0.0,0.0
Polenta (1 cup creamy),Meal/Grain,150,3.0,32.0,1.0,3.0,1.0,350,5,Dinner,0,240.0,6.0,0.0,0.0,2.16,0.0,0.0,0.0,0.0,0.0,0.0,0.0,0.0,0.0,0.0,0.0,0.0,0.0,0.0,0.0,0.0,0.0,0.0,0.0,0.0,0.0,0.0,0.0
Gorgonzola Cheese (1 oz),Dairy,100,6.0,0.7,8.0,0.0,0.1,325,21,Dinner,0,28.4,0.0,0.0,131.77599999999998,0.0,0.0,0.0,0.0,309.55999999999995,0.0,0.0,0.0,0.0,0.0,0.0,0.0,0.0,0.0,0.0,0.0,0.0,5.083599999999999,0.0,0.0,0.0,28.4,0.0,0.0
Negroni (1 drink),Beverage,190,0.0,15.0,0.0,0.0,15.0,5,0,Snack,90,100.0,0.0,0.0,0.0,1.29,0.0,0.0,0.0,1210.0,0.0,0.0,0.0,0.0,0.0,0.0,0.0,53.6,0.0,0.0,0.0,0.0,14.3,0.0,0.0,0.0,54.0,0.0,0.0
Gin (1 oz),Beverage,70,0.0,0.0,0.0,0.0,0.0,0,0,Snack,0,28.4,0.0,0.0,0.0,0.011359999999999999,0.0,1.136,0.568,0.284,0.011359999999999999,0.0,0.0017039999999999998,0.0011359999999999999,0.0036919999999999995,0.00028399999999999996,0.0,0.0,0.0,0.0,0.0,0.0,0.0,0.0,0.0,0.0,0.0,0.0,0.0
Campari (1 oz),Beverage,80,0.0,10.0,0.0,0.0,10.0,5,0,Snack,0,28.4,0.0,0.0,0.0,0.0,0.0,0.0,0.0,0.0,0.0,0.0,0.0,0.0,0.0,0.0,0.0,0.0,0.0,0.0,0.0,0.0,0.0,0.0,0.0,0.0,0.0,0.0,0.0
Sweet Vermouth (1 oz),Beverage,40,0.0,5.0,0.0,0.0,5.0,0,0,Snack,0,28.4,0.0,0.0,0.0,0.0,0.0,0.0,0.0,474.28,0.0,0.0,0.0,0.0,0.0,0.0,0.0,0.0,0.0,0.0,0.0,0.0,0.0,0.0,0.0,0.0,0.0,0.0,0.0
Orange Peel (garnish),Condiment,1,0.0,0.2,0.0,0.1,0.0,0,0,Snack,0,100.0,2.0,0.0,0.0,0.0,0.0,0.0,0.0,84.0,0.0,0.0,0.0,0.0,0.0,0.0,0.0,3.6,0.0,0.0,0.0,0.0,0.0,0.0,0.0,0.0,0.0,0.0,0.0
Osso Buco (1 serving),Meal/Meat,550,45.0,15.0,30.0,4.0,6.0,900,150,Dinner,0,100.0,0.0,0.0,22.0,2.0,34.0,214.0,201.0,90.0,5.08,0.0,0.081,0.337,3.73,0.179,0.0,0.0,42.0,0.39,1.5,4.0,2.71,3.55,0.455,0.276,92.0,0.0,0.0
Gremolata (1 tbsp),Condiment,15,0.5,1.0,1.0,0.5,0.5,5,0,Dinner,0,15.0,0.0,0.0,0.0,0.0,0.0,0.0,0.0,0.0,0.0,0.0,0.0,0.0,0.0,0.0,0.0,0.0,0.0,0.0,0.0,0.0,0.0,0.0,0.0,0.0,0.0,0.0,0.0
Risotto alla Milanese (1 cup),Meal/Rice,350,10.0,50.0,12.0,3.0,3.0,700,30,Dinner,0,240.0,5.28,0.0,28.799999999999997,0.528,0.0,0.0,0.0,2808.0,0.0,0.0,0.0,0.0,0.0,0.0,0.0,3.36,0.0,0.0,0.0,0.0,2.52,0.0,0.0,0.0,0.0,0.0,0.0
Saffron (pinch in risotto),Condiment,1,0.0,0.1,0.0,0.0,0.0,0,0,Dinner,0,100.0,0.0,0.0,0.0,0.0,0.0,0.0,0.0,0.0,0.0,0.0,0.0,0.0,0.0,0.0,0.0,0.0,0.0,0.0,0.0,0.0,0.0,0.0,0.0,0.0,0.0,0.0,0.0
Panettone (1 slice),Dessert,320,6.0,50.0,12.0,3.0,25.0,200,70,Snack,0,40.0,0.8,0.0,0.0,0.8640000000000001,0.0,0.0,0.0,56.0,0.0,0.0,0.0,0.0,0.0,0.0,0.0,0.0,0.0,0.0,0.0,0.0,3.2,0.0,0.0,0.0,32.0,0.0,0.0
Candied Fruit (1 tbsp),Fruit,30,0.0,8.0,0.0,0.5,8.0,5,0,Snack,0,350.0,5.6000000000000005,0.0,63.0,0.5950000000000001,14.0,17.5,196.0,343.0,0.17500000000000002,3.5,0.0,0.0,0.0,0.0,0.0,0.0,0.0,0.14,1.05,0.0,0.035,0.028,0.07,0.0,0.0,0.0,0.0
Amaretti Cookie (2 cookies),Dessert,90,2.0,12.0,4.0,1.0,10.0,10,0,Snack,0,100.0,5.0,0.0,100.0,0.0,0.0,0.0,0.0,25.0,0.0,0.0,0.0,0.0,0.0,0.0,0.0,0.0,0.0,0.0,0.0,0.0,0.0,0.0,0.0,0.0,0.0,0.0,0.0
Limoncello (1.5 oz shot),Beverage,150,0.0,18.0,0.0,0.0,18.0,0,0,Snack,0,42.5,1.02,0.0,20.4,1.1135,0.0,0.0,0.0,80.75,0.0,0.0,0.0,0.0,0.0,0.0,0.0,0.0,0.0,0.0,0.0,0.0,4.045999999999999,0.0,0.0,0.0,40.375,0.0,0.0
Panna Cotta (1 serving),Dessert,300,4.0,25.0,20.0,0.0,22.0,50,70,Snack,0,100.0,1.0,0.0,150.0,0.0,0.0,0.0,0.0,75.0,0.0,0.0,0.0,0.0,0.0,0.0,0.0,0.0,0.0,0.0,0.0,0.0,8.0,0.0,0.0,0.0,10.0,0.0,0.0
Berry Coulis (1 tbsp),Condiment,20,0.0,5.0,0.0,0.5,4.5,0,0,Snack,0,15.0,1.125,0.0,15.0,0.27,0.0,0.0,0.0,5.7,0.0,0.0,0.0,0.0,0.0,0.0,0.0,0.0,0.0,0.0,0.0,0.0,3.0,0.0,0.0,0.0,3.75,0.0,0.0
Saltimbocca (1 serving),Meal/Meat,380,38.0,5.0,22.0,0.5,1.0,850,120,Dinner,0,100.0,0.0,0.0,0.0,0.0,0.0,0.0,0.0,0.0,0.0,0.0,0.0,0.0,0.0,0.0,0.0,0.0,0.0,0.0,0.0,0.0,0.0,0.0,0.0,0.0,0.0,0.0,0.0
Prosciutto (1 slice wrapper),Protein/Meat,35,4.0,0.0,2.5,0.0,0.0,280,10,Dinner,0,40.0,0.0,0.0,0.0,0.516,0.0,0.0,0.0,916.0,0.0,0.0,0.0,0.0,0.0,0.0,0.0,0.0,0.0,0.0,0.0,0.0,5.0,0.0,0.0,0.0,35.6,0.0,0.0
Sage (2 leaves),Condiment,1,0.0,0.1,0.0,0.1,0.0,0,0,Dinner,0,100.0,0.0,0.0,0.0,0.0,0.0,0.0,0.0,0.0,0.0,0.0,0.0,0.0,0.0,0.0,0.0,0.0,0.0,0.0,0.0,0.0,0.0,0.0,0.0,0.0,0.0,0.0,0.0
White Wine Sauce (1/4 cup),Condiment,80,1.0,4.0,6.0,0.5,2.0,300,5,Dinner,0,60.0,0.0,0.0,5.3999999999999995,0.162,6.0,10.799999999999999,42.6,3.0,0.072,0.0,0.003,0.009,0.0648,0.03,0.0,0.0,0.0,0.0,0.24,0.6,0.0,0.0,0.0,0.0,0.0,0.0,0.0
Polenta (grilled 1 slice),Meal/Grain,120,2.5,25.0,1.0,2.0,0.5,300,0,Dinner,0,40.0,1.0,0.0,0.0,0.36000000000000004,0.0,0.0,0.0,0.0,0.0,0.0,0.0,0.0,0.0,0.0,0.0,0.0,0.0,0.0,0.0,0.0,0.0,0.0,0.0,0.0,0.0,0.0,0.0
Caponata (1/2 cup),Meal/Vegetable,180,2.0,15.0,14.0,5.0,9.0,400,0,Dinner,0,120.0,2.16,0.0,0.0,0.54,0.0,0.0,261.59999999999997,676.8,0.0,0.0,0.0,0.0,0.0,0.0,0.0,0.0,0.0,0.0,0.0,0.0,0.54,0.0,0.0,0.0,0.0,0.0,0.0
Eggplant (1/2 cup in caponata),Vegetable,40,0.5,6.0,2.0,2.0,3.0,150,0,Dinner,0,120.0,4.68,0.0,42.0,2.028,99.6,196.79999999999998,316.8,250.79999999999998,1.6320000000000001,8.4,0.276,0.14759999999999998,1.9488,0.23399999999999999,0.0,8.52,0.0,0.864,29.16,46.8,2.6256,7.3572,6.6732,0.0,0.0,0.0,0.0
Pine Nuts (1/2 tbsp),Nut,48,1.0,1.0,5.0,0.2,0.2,0,0,Dinner,0,15.0,0.555,0.0,2.4,0.8295,37.65,86.25,89.55,0.3,0.9675,0.15,0.054599999999999996,0.03405,0.6580499999999999,0.0141,0.0,0.12,0.0,1.3995,8.084999999999999,5.1,0.73485,2.8146,5.11065,0.0,0.0,0.0,0.0
Raisins (1 tbsp),Fruit,27,0.3,7.0,0.0,0.3,6.0,1,0,Dinner,0,15.0,0.6749999999999999,0.0,9.299999999999999,0.2685,5.3999999999999995,14.7,111.6,3.9,0.054,0.0,0.015899999999999997,0.01875,0.1149,0.026099999999999998,0.0,0.345,0.0,0.018,0.525,0.75,0.0141,0.0036,0.007949999999999999,0.0,0.0,0.0,0.0
Gelato (Pistachio 1/2 cup),Dessert,220,5.0,24.0,12.0,2.0,20.0,60,40,Snack,0,120.0,1.44,0.0,28.799999999999997,0.504,0.0,0.0,0.0,98.39999999999999,0.0,0.0,0.0,0.0,0.0,0.0,0.0,0.0,0.0,0.0,0.0,0.0,0.708,5.652,2.112,0.0,0.0,0.0,0.0
Waffle Cone (1 small),Grain,70,1.0,13.0,1.5,0.5,7.0,30,5,Snack,0,100.0,2.3,0.0,97.0,0.69,25.0,90.0,229.0,77.0,0.31,37.0,0.068,0.193,0.43,0.041,0.0,0.0,0.1,0.09,0.4,20.0,2.172,0.991,0.181,0.0,12.0,0.0,0.0
Cacio e Pepe (1.5 cups),Meal/Pasta,500,18.0,65.0,19.0,4.0,3.0,700,50,Dinner,0,240.0,7.199999999999999,0.0,676.8,2.4,0.0,0.0,309.59999999999997,1320.0,0.0,0.0,0.0,0.0,0.0,0.0,0.0,0.0,0.0,0.0,0.0,0.0,9.6,0.0,0.0,0.0,60.0,0.0,0.0
Pecorino Romano (1/4 cup),Dairy,110,7.5,1.0,8.5,0.0,0.0,450,25,Dinner,0,60.0,0.0,0.0,428.4,0.0,0.0,321.59999999999997,0.0,1026.0,0.0,0.0,0.0,0.0,0.0,0.0,0.0,0.0,0.0,0.0,0.0,0.0,12.839999999999998,0.0,0.0,0.0,53.4,0.0,0.0
Black Pepper (1/2 tsp),Condiment,3,0.1,0.7,0.0,0.3,0.0,0,0,Dinner,0,100.0,41.7,0.0,0.0,0.0,0.0,0.0,0.0,0.0,0.0,0.0,0.0,0.0,0.0,0.0,0.0,0.0,0.0,0.0,0.0,0.0,0.0,0.0,0.0,0.0,0.0,0.0,0.0
Fiorentina Steak (3oz portion),Protein/Meat,230,24.0,0.0,15.0,0.0,0.0,60,75,Dinner,0,85.1,0.5956999999999999,0.0,14.466999999999999,1.05524,13.616,75.739,171.902,207.644,1.6679599999999999,7.659,0.045954,0.070633,1.9198559999999998,0.217856,0.0,19.2326,0.0,1.2169299999999998,16.5945,11.062999999999999,1.712212,3.263585,2.056016,0.0,27.232,0.0,0.0
Olive Oil (1 tbsp drizzle),Condiment,120,0.0,0.0,14.0,0.0,0.0,0,0,Dinner,0,15.0,0.0,0.0,0.15,0.084,0.0,0.0,0.15,0.3,0.0,0.0,0.0,0.0,0.0,0.0,0.0,0.0,0.0,3.1319999999999997,3.9,0.0,2.328,10.263,1.4203499999999998,0.0,0.0,0.0,0.0
Rosemary (garnish),Condiment,1,0.0,0.2,0.0,0.1,0.0,0,0,Dinner,0,100.0,0.0,0.0,0.0,0.0,0.0,0.0,0.0,0.0,0.0,0.0,0.0,0.0,0.0,0.0,0.0,0.0,0.0,0.0,0.0,0.0,0.0,0.0,0.0,0.0,0.0,0.0,0.0
White Beans (Tuscan style 1/2 cup),Legume,150,8.0,20.0,4.0,7.0,2.0,350,0,Dinner,0,120.0,5.52,0.0,74.39999999999999,2.496,0.0,0.0,0.0,350.4,0.0,0.0,0.0,0.0,0.0,0.0,0.0,0.0,0.0,0.0,0.0,0.0,0.0,0.0,0.0,0.0,0.0,0.0,0.0
Garlic (1 clove in beans),Vegetable,4,0.2,0.9,0.0,0.1,0.0,1,0,Dinner,0,100.0,0.0,0.0,667.0,0.0,0.0,0.0,0.0,0.0,0.0,0.0,0.0,0.0,0.0,0.0,0.0,80.0,0.0,0.0,0.0,0.0,0.0,0.0,0.0,0.0,0.0,0.0,0.0
Sage (in beans),Condiment,1,0.0,0.1,0.0,0.1,0.0,0,0,Dinner,0,100.0,0.0,0.0,0.0,0.0,0.0,0.0,0.0,0.0,0.0,0.0,0.0,0.0,0.0,0.0,0.0,0.0,0.0,0.0,0.0,0.0,0.0,0.0,0.0,0.0,0.0,0.0,0.0
Arancini (1 large ball),Snack/Processed,250,9.0,30.0,10.0,3.0,3.0,500,30,Snack,0,200.0,4.6,0.0,94.0,1.68,0.0,0.0,0.0,838.0,0.0,0.0,0.0,0.0,0.0,0.0,0.0,0.0,0.0,0.0,0.0,0.0,2.32,0.0,0.0,0.0,0.0,0.0,0.0
Ragù (filling 1 tbsp),Condiment,25,1.5,1.0,1.5,0.5,0.5,60,5,Snack,0,15.0,0.0,0.0,0.0,0.0,0.0,0.0,0.0,0.0,0.0,0.0,0.0,0.0,0.0,0.0,0.0,0.0,0.0,0.0,0.0,0.0,0.0,0.0,0.0,0.0,0.0,0.0,0.0
Mozzarella (filling 0.5 oz),Dairy,40,3.0,0.5,3.0,0.0,0.2,75,10,Snack,0,14.2,0.0,0.0,76.112,0.0,0.0,0.0,0.0,25.418,0.0,0.0,0.0,0.0,0.0,0.0,0.0,0.0,0.0,0.0,0.0,0.0,2.0305999999999997,0.0,0.0,0.0,10.081999999999999,0.0,0.0
Breadcrumbs (coating),Grain,25,0.5,4.0,0.5,0.5,0.5,50,0,Snack,0,100.0,0.0,0.0,0.0,0.0,0.0,0.0,0.0,0.0,0.0,0.0,0.0,0.0,0.0,0.0,0.0,0.0,0.0,0.0,0.0,0.0,0.0,0.0,0.0,0.0,0.0,0.0,0.0
Campari & Soda (1 drink),Beverage,85,0.0,10.0,0.0,0.0,10.0,25,0,Snack,150,100.0,0.0,0.0,4.0,0.02,1.0,1.0,2.0,16.0,0.08,0.0,0.002,0.001,0.003,0.0,0.0,0.0,0.0,0.0,0.0,0.0,0.0,0.0,0.0,0.0,0.0,0.0,0.0
Olive (garnish),Fruit,5,0.0,0.1,0.5,0.1,0.0,30,0,Snack,0,100.0,1.8,0.0,60.0,3.4,5.0,3.0,17.0,835.0,0.12,14.0,0.008,0.002,0.09,0.014,0.0,0.4,0.0,6.14,6.3,1.0,4.852,20.904,2.6,0.0,0.0,0.0,0.0
Vitello Tonnato (1 serving),Meal/Meat,380,35.0,3.0,25.0,0.5,1.0,600,110,Lunch,0,100.0,0.0,0.0,0.0,0.0,0.0,0.0,0.0,0.0,0.0,0.0,0.0,0.0,0.0,0.0,0.0,0.0,0.0,0.0,0.0,0.0,0.0,0.0,0.0,0.0,0.0,0.0,0.0
Tuna Sauce (2 tbsp),Condiment,100,4.0,1.0,9.0,0.0,0.5,200,15,Lunch,0,15.0,0.06,0.0,3.3,0.126,1.65,8.25,10.95,44.699999999999996,0.058499999999999996,1.2,0.013199999999999998,0.00525,0.32504999999999995,0.01455,0.0,0.0,0.045,0.12299999999999998,1.305,4.2,0.13244999999999998,0.27165,0.3192,0.0,0.8999999999999999,0.0,0.0
Capers (garnish),Condiment,2,0.2,0.4,0.1,0.3,0.1,200,0,Lunch,0,100.0,6.7,0.0,0.0,1.2,0.0,0.0,0.0,2670.0,0.0,0.0,0.0,0.0,0.0,0.0,0.0,4.0,0.0,0.0,0.0,0.0,0.0,0.0,0.0,0.0,0.0,0.0,0.0
Lemon Slice (garnish),Condiment,1,0.0,0.3,0.0,0.1,0.1,0,0,Lunch,0,40.0,1.1199999999999999,0.0,10.4,0.24,3.2,6.4,55.2,0.8,0.024,0.4,0.016,0.008,0.04000000000000001,0.032,0.0,21.200000000000003,0.0,0.06,0.0,4.4,0.015600000000000001,0.0044,0.0356,0.0,0.0,0.0,0.0
Gnocchi alla Sorrentina (1.5 cups),Meal/Pasta,450,15.0,60.0,18.0,6.0,9.0,800,40,Dinner,0,240.0,4.8,0.0,31.2,0.576,0.0,0.0,0.0,794.4,0.0,0.0,0.0,0.0,0.0,0.0,0.0,7.68,0.0,0.0,0.0,0.0,1.584,0.0,0.0,0.0,7.199999999999999,0.0,0.0
Tomato Sauce (1/2 cup),Condiment,40,1.5,7.0,1.0,2.0,4.0,350,0,Dinner,0,120.0,1.92,0.0,0.0,0.0,0.0,0.0,265.2,550.8,0.0,0.0,0.0,0.0,0.0,0.0,0.0,0.0,0.0,0.0,0.0,0.0,0.0,0.0,0.0,0.0,0.0,0.0,0.0
Mozzarella (1 oz melted),Dairy,80,6.0,1.0,6.0,0.0,0.5,150,20,Dinner,0,28.4,0.0,0.0,152.224,0.0,0.0,0.0,0.0,50.836,0.0,0.0,0.0,0.0,0.0,0.0,0.0,0.0,0.0,0.0,0.0,0.0,4.0611999999999995,0.0,0.0,0.0,20.163999999999998,0.0,0.0
Basil (fresh garnish),Condiment,1,0.1,0.0,0.0,0.1,0.0,0,0,Dinner,0,100.0,0.0,0.0,0.0,0.0,0.0,0.0,0.0,0.0,0.0,0.0,0.0,0.0,0.0,0.0,0.0,0.0,0.0,0.0,0.0,0.0,0.0,0.0,0.0,0.0,0.0,0.0,0.0
Parmigiano-Reggiano (1 tbsp),Dairy,22,2.0,0.2,1.5,0.0,0.0,95,4,Dinner,0,15.0,0.0,0.0,160.5,0.0,0.0,0.0,0.0,96.45,0.0,0.0,0.0,0.0,0.0,0.0,0.0,0.0,0.0,0.0,0.0,0.0,3.2099999999999995,0.0,0.0,0.0,13.35,0.0,0.0
Pesto (1/4 cup),Condiment,290,5.0,4.0,29.0,2.0,1.0,600,5,Dinner,0,60.0,1.02,0.0,61.8,0.312,0.0,0.0,114.0,600.0,0.0,0.0,0.0,0.0,0.0,0.0,0.0,0.0,0.0,0.0,0.0,0.0,2.586,0.0,0.0,0.0,0.0,0.0,0.0
Pine Nuts (1 tbsp in pesto),Nut,95,2.0,2.0,10.0,0.5,0.5,0,0,Dinner,0,15.0,0.555,0.0,2.4,0.8295,37.65,86.25,89.55,0.3,0.9675,0.15,0.054599999999999996,0.03405,0.6580499999999999,0.0141,0.0,0.12,0.0,1.3995,8.084999999999999,5.1,0.73485,2.8146,5.11065,0.0,0.0,0.0,0.0
Garlic (1/2 clove in pesto),Vegetable,2,0.1,0.5,0.0,0.0,0.0,0,0,Dinner,0,100.0,0.0,0.0,667.0,0.0,0.0,0.0,0.0,0.0,0.0,0.0,0.0,0.0,0.0,0.0,0.0,80.0,0.0,0.0,0.0,0.0,0.0,0.0,0.0,0.0,0.0,0.0,0.0
Trofie Pasta (1 cup cooked),Grain,210,7.0,43.0,1.0,2.0,1.0,5,0,Dinner,0,240.0,8.64,0.0,0.0,3.432,0.0,0.0,429.59999999999997,0.0,0.0,0.0,0.0,0.0,30.0,0.0,0.0,0.0,0.0,0.0,0.0,506.4,0.0,0.0,0.0,0.0,0.0,0.0,0.0
Green Beans (1/2 cup w/ pasta),Vegetable,15,0.9,3.5,0.1,1.3,1.6,3,0,Dinner,0,120.0,2.88,0.0,56.4,1.02,0.0,0.0,0.0,7.199999999999999,0.0,0.0,0.0,0.0,0.0,0.0,0.0,12.719999999999999,0.0,0.0,0.0,0.0,0.0,0.0,0.0,0.0,0.0,0.0,0.0
Potato (1/2 w/ pasta),Vegetable,65,1.0,15.0,0.1,1.0,0.5,3,0,Dinner,0,100.0,1.5,0.0,33.0,0.75,13.0,77.0,219.0,219.0,0.44,64.0,0.107,0.143,0.992,0.093,0.0,0.5,0.5,1.56,8.0,19.0,3.112,4.083,3.195,0.0,74.0,0.0,0.0
Espresso Martini (1 drink),Beverage,280,0.5,25.0,0.0,0.0,25.0,5,0,Snack,120,100.0,0.0,0.0,1.0,0.09,1.0,5.0,13.0,2.0,0.04,0.0,0.005,0.005,0.025,0.004,0.0,0.0,0.0,0.0,0.0,0.0,0.0,0.0,0.0,0.0,0.0,0.0,0.0
Vodka (1.5 oz),Beverage,97,0.0,0.0,0.0,0.0,0.0,0,0,Snack,0,42.5,0.0,0.0,0.0,0.017,0.0,1.7,0.85,0.425,0.017,0.0,0.00255,0.0017,0.0055249999999999995,0.000425,0.0,0.0,0.0,0.0,0.0,0.0,0.0,0.0,0.0,0.0,0.0,0.0,0.0
Coffee Liqueur (1 oz),Beverage,100,0.0,15.0,0.0,0.0,15.0,2,0,Snack,0,28.4,0.0,0.0,0.284,0.017039999999999996,0.8519999999999999,1.7039999999999997,8.52,2.272,0.008519999999999998,0.0,0.0011359999999999999,0.0034079999999999996,0.040895999999999995,0.0,0.0,0.0,0.0,0.0,0.0,0.0,0.030103999999999995,0.006247999999999999,0.029819999999999996,0.0,0.0,0.0,0.0
Espresso (1 oz in drink),Beverage,3,0.3,0.0,0.1,0.0,0.0,1,0,Snack,0,28.4,0.0,0.0,0.568,0.03692,22.72,1.9879999999999998,32.66,3.9759999999999995,0.014199999999999999,0.0,0.00028399999999999996,0.05026799999999999,1.4787879999999998,0.0005679999999999999,0.0,0.056799999999999996,0.0,0.0028399999999999996,0.028399999999999998,0.284,0.026128,0.0,0.026128,0.0,0.0,0.0,0.0
Simple Syrup (1/2 oz),Condiment,30,0.0,8.0,0.0,0.0,8.0,0,0,Snack,0,56.7,0.0,0.0,1.1340000000000001,0.011340000000000001,0.5670000000000001,0.0,0.5670000000000001,1.701,0.0056700000000000006,0.0,0.0,0.005103,0.0,0.0,0.0,0.0,0.0,0.0,0.0,0.0,0.0,0.0,0.0,0.0,0.0,0.0,0.0
Coffee Beans (3 garnish),Snack,2,0.1,0.3,0.0,0.1,0.0,0,0,Snack,0,100.0,21.4,0.0,0.0,2.57,0.0,0.0,0.0,143.0,0.0,0.0,0.0,0.0,0.0,0.0,0.0,0.0,0.0,0.0,0.0,0.0,17.9,0.0,0.0,0.0,0.0,0.0,0.0
Baba Ganoush (1/4 cup),Meal/Vegetable,100,2.0,8.0,7.0,4.0,2.0,300,0,Snack,0,60.0,4.26,0.0,0.0,0.0,0.0,0.0,0.0,342.59999999999997,0.0,0.0,0.0,0.0,0.0,0.0,0.0,0.0,0.0,0.0,0.0,0.0,0.0,0.0,0.0,0.0,0.0,0.0,0.0
Pita Bread (1 white),Grain,165,5.5,33.0,1.2,1.5,1.5,310,0,Snack,0,100.0,5.1,0.0,154.0,2.77,0.0,0.0,0.0,308.0,0.0,0.0,0.0,0.0,0.0,0.0,0.0,0.0,0.0,0.0,0.0,0.0,0.0,0.0,0.0,0.0,0.0,0.0,0.0
Falafel (3 pieces),Meal/Vegetarian,180,6.0,18.0,9.0,4.0,1.0,320,0,Lunch,0,100.0,4.8,0.0,86.0,2.31,31.0,112.0,259.0,499.0,1.02,12.0,0.134,0.099,0.8,0.159,0.0,7.3,0.0,7.74,72.2,79.0,5.427,17.014,15.928,0.0,0.0,0.0,0.0
Tahini Sauce (1 tbsp),Condiment,30,1.0,1.5,2.5,0.5,0.0,45,0,Lunch,0,15.0,1.26,0.0,17.4,1.05,53.55,107.85,61.199999999999996,9.6,0.9059999999999999,0.44999999999999996,0.14895,0.07095,0.8719499999999999,0.08925,0.0,0.0,0.0,0.0,0.255,16.2,1.3455000000000001,3.39,3.9599999999999995,0.0,0.0,0.0,0.0
Pickled Turnips (2 tbsp),Vegetable,10,0.2,2.0,0.0,0.5,1.0,200,0,Lunch,0,15.0,0.0,0.0,0.0,0.0,0.0,0.0,0.0,42.9,0.0,0.0,0.0,0.0,0.0,0.0,0.0,1.2899999999999998,0.0,0.0,0.0,0.0,0.0,0.0,0.0,0.0,0.0,0.0,0.0
Shawarma (Chicken 1 wrap),Meal/Processed,550,30.0,50.0,25.0,6.0,5.0,1100,80,Lunch,250,100.0,0.0,0.0,0.0,0.0,0.0,0.0,0.0,800.0,0.0,0.0,0.0,0.0,0.0,0.0,0.0,0.0,0.0,0.0,0.0,0.0,0.0,0.0,0.0,0.0,0.0,0.0,0.0
Garlic Sauce (1 tbsp),Condiment,90,0.1,1.0,10.0,0.0,0.5,80,5,Lunch,0,15.0,0.045,0.0,5.55,0.033,0.6,5.25,9.15,70.95,0.027,102.3,0.0036,0.0016499999999999998,0.0105,0.0186,0.0,0.15,0.06,0.0015,0.975,0.75,6.15735,2.28165,0.34395000000000003,0.0,31.799999999999997,0.0,0.0
Hummus (1/4 cup),Legume,130,5.0,10.0,8.0,4.0,1.0,250,0,Lunch,0,60.0,4.26,0.0,42.6,0.774,0.0,0.0,0.0,278.4,0.0,0.0,0.0,0.0,0.0,0.0,0.0,5.159999999999999,0.0,0.0,0.0,0.0,2.142,0.0,0.0,0.0,0.0,0.0,0.0
Tabouli (1/2 cup),Meal/Vegetarian,120,3.0,15.0,6.0,4.0,2.0,300,0,Lunch,0,120.0,4.32,0.0,51.6,2.316,0.0,0.0,0.0,0.0,0.0,0.0,0.0,0.0,0.0,0.0,0.0,30.839999999999996,0.0,0.0,0.0,0.0,0.852,0.0,0.0,0.0,0.0,0.0,0.0
Bulgur (1/4 cup in tabouli),Grain,76,2.7,16.8,0.2,4.1,0.1,4,0,Lunch,0,60.0,4.8,0.0,27.0,0.9839999999999999,0.0,0.0,0.0,6.6,0.0,0.0,0.0,0.0,0.0,0.0,0.0,0.0,0.0,0.0,0.0,0.0,0.34199999999999997,0.0,0.0,0.0,0.0,0.0,0.0
Parsley (1/4 cup in tabouli),Vegetable,5,0.3,1.0,0.1,0.5,0.1,5,0,Lunch,0,60.0,0.0,0.0,0.0,0.0,0.0,0.0,0.0,0.0,0.0,0.0,0.0,0.0,0.0,0.0,0.0,0.0,0.0,0.0,0.0,0.0,0.0,0.0,0.0,0.0,0.0,0.0,0.0
Mint (1 tbsp in tabouli),Condiment,1,0.1,0.1,0.0,0.1,0.0,0,0,Lunch,0,15.0,0.0,0.0,0.0,0.0,0.0,0.0,0.0,0.0,0.0,0.0,0.0,0.0,0.0,0.0,0.0,0.0,0.0,0.0,0.0,0.0,0.0,0.0,0.0,0.0,0.0,0.0,0.0
Lemon Juice (1 tbsp dressing),Condiment,4,0.1,1.3,0.0,0.1,0.2,0,0,Lunch,0,15.0,0.0,0.0,0.0,0.0,0.0,0.0,0.0,0.0,0.0,0.0,0.0,0.0,0.0,0.0,0.0,0.0,0.0,0.0,0.0,0.0,0.0,0.0,0.0,0.0,0.0,0.0,0.0
Olive Oil (1 tbsp dressing),Condiment,120,0.0,0.0,14.0,0.0,0.0,0,0,Lunch,0,15.0,0.0,0.0,0.15,0.084,0.0,0.0,0.15,0.3,0.0,0.0,0.0,0.0,0.0,0.0,0.0,0.0,0.0,3.1319999999999997,3.9,0.0,2.328,10.263,1.4203499999999998,0.0,0.0,0.0,0.0
Kibbeh (1 piece fried),Meal/Meat,230,9.0,20.0,13.0,3.0,1.0,450,30,Snack,0,100.0,0.0,0.0,0.0,0.0,0.0,0.0,0.0,0.0,0.0,0.0,0.0,0.0,0.0,0.0,0.0,0.0,0.0,0.0,0.0,0.0,60.0,0.0,0.0,0.0,160.0,0.0,0.0
Pine Nuts (1/2 tbsp filling),Nut,48,1.0,1.0,5.0,0.2,0.2,0,0,Snack,0,15.0,0.555,0.0,2.4,0.8295,37.65,86.25,89.55,0.3,0.9675,0.15,0.054599999999999996,0.03405,0.6580499999999999,0.0141,0.0,0.12,0.0,1.3995,8.084999999999999,5.1,0.73485,2.8146,5.11065,0.0,0.0,0.0,0.0
Ground Lamb (1 oz filling),Protein/Meat,80,5.5,0.0,6.0,0.0,0.0,20,20,Snack,0,28.4,0.0,0.0,0.0,0.45724,0.0,0.0,0.0,20.163999999999998,0.0,0.0,0.0,0.0,0.0,0.0,0.0,0.0,0.0,0.0,0.0,0.0,2.5361199999999995,0.0,0.0,0.0,21.584,0.0,0.0
Bulgur (1 tbsp shell),Grain,15,0.5,3.4,0.0,0.8,0.0,1,0,Snack,0,15.0,1.2,0.0,6.75,0.24599999999999997,0.0,0.0,0.0,1.65,0.0,0.0,0.0,0.0,0.0,0.0,0.0,0.0,0.0,0.0,0.0,0.0,0.08549999999999999,0.0,0.0,0.0,0.0,0.0,0.0
Lentil Soup (1 cup Middle Eastern),Meal/Legume,200,10.0,30.0,5.0,10.0,4.0,700,0,Lunch,250,240.0,6.96,0.0,19.2,2.64,0.0,0.0,0.0,676.8,0.0,0.0,0.0,0.0,0.0,0.0,0.0,1.2,0.0,0.0,0.0,0.0,0.0,0.0,0.0,0.0,0.0,0.0,0.0
Cumin (1 tsp),Condiment,8,0.3,1.5,0.5,0.4,0.1,3,0,Lunch,0,100.0,10.5,0.0,931.0,66.4,366.0,499.0,1790.0,168.0,4.8,64.0,0.628,0.327,4.58,0.435,0.0,7.7,0.0,3.33,5.4,10.0,1.54,14.0,3.28,0.0,0.0,0.0,0.0
Coriander (1 tsp),Condiment,5,0.1,1.0,0.2,0.5,0.0,1,0,Lunch,0,100.0,41.9,0.0,709.0,16.3,330.0,409.0,1270.0,35.0,4.7,0.0,0.239,0.29,2.13,0.0,0.0,21.0,0.0,0.0,0.0,0.0,0.99,13.6,1.75,0.0,0.0,0.0,0.0
Lemon Juice (1 tsp in soup),Condiment,1,0.0,0.4,0.0,0.0,0.1,0,0,Lunch,0,100.0,0.0,0.0,0.0,0.0,0.0,0.0,0.0,0.0,0.0,0.0,0.0,0.0,0.0,0.0,0.0,0.0,0.0,0.0,0.0,0.0,0.0,0.0,0.0,0.0,0.0,0.0,0.0
Pita Crisps (1 oz),Snack/Processed,130,3.0,18.0,5.0,2.0,1.0,240,0,Lunch,0,28.4,1.0792,0.0,4.827999999999999,1.3035599999999998,10.508,35.215999999999994,36.635999999999996,242.53599999999997,0.27263999999999994,0.0,0.15904000000000001,0.08718799999999999,2.000212,0.030955999999999997,0.0,0.0,0.0,1.9681199999999996,0.34079999999999994,38.339999999999996,0.38112799999999997,3.079128,0.6049199999999999,0.0,0.0,0.0,0.0
Manakeesh (Za'atar 1 small),Meal/Vegetarian,300,7.0,45.0,10.0,4.0,2.0,500,0,Breakfast,0,100.0,0.0,0.0,0.0,0.0,0.0,0.0,0.0,0.0,0.0,0.0,0.0,0.0,0.0,0.0,0.0,0.0,0.0,0.0,0.0,0.0,0.0,0.0,0.0,0.0,0.0,0.0,0.0
Za'atar (1 tbsp),Condiment,40,1.0,3.0,3.0,1.5,0.0,150,0,Breakfast,0,15.0,0.0,0.0,0.0,0.0,0.0,0.0,0.0,0.0,0.0,0.0,0.0,0.0,0.0,0.0,0.0,0.0,0.0,0.0,0.0,0.0,0.0,0.0,0.0,0.0,0.0,0.0,0.0
Olive Oil (1 tbsp on bread),Condiment,120,0.0,0.0,14.0,0.0,0.0,0,0,Breakfast,0,15.0,0.0,0.0,0.15,0.084,0.0,0.0,0.15,0.3,0.0,0.0,0.0,0.0,0.0,0.0,0.0,0.0,0.0,3.1319999999999997,3.9,0.0,2.328,10.263,1.4203499999999998,0.0,0.0,0.0,0.0
Labneh (2 tbsp),Dairy,60,4.0,2.0,4.0,0.0,2.0,80,15,Breakfast,0,15.0,0.0,0.0,75.0,0.1935,0.0,0.0,0.0,283.5,0.0,0.0,0.0,0.0,0.0,0.0,0.0,0.0,0.0,0.0,0.0,0.0,2.145,0.0,0.0,0.0,21.45,0.0,0.0
Cucumber (1/4 cup side),Vegetable,8,0.3,1.8,0.0,0.2,0.8,1,0,Breakfast,0,60.0,0.3,0.0,8.4,0.042,4.8,11.4,82.2,141.6,0.09,1.7999999999999998,0.0126,0.0144,0.043199999999999995,0.022199999999999998,0.0,1.5,0.0,0.012,8.76,3.5999999999999996,0.0162,0.0024,0.0126,0.0,0.0,0.0,0.0
Tomato (1/4 cup side),Vegetable,8,0.3,1.8,0.1,0.5,1.2,2,0,Breakfast,0,60.0,0.0,0.0,0.0,0.0,0.0,0.0,0.0,0.0,0.0,0.0,0.0,0.0,0.0,0.0,0.0,0.0,0.0,0.0,0.0,0.0,0.0,0.0,0.0,0.0,0.0,0.0,0.0
Olives (5 side),Fruit,35,0.2,1.0,3.5,0.5,0.0,210,0,Breakfast,0,100.0,0.0,0.0,0.0,0.0,0.0,0.0,0.0,2000.0,0.0,0.0,0.0,0.0,0.0,0.0,0.0,0.0,0.0,0.0,0.0,0.0,0.0,0.0,0.0,0.0,0.0,0.0,0.0
Mint Tea (1 cup),Beverage,2,0.1,0.5,0.0,0.0,0.0,5,0,Breakfast,240,240.0,0.0,0.0,0.0,0.0,0.0,0.0,0.0,0.0,0.0,0.0,0.0,0.0,0.0,0.0,0.0,0.0,0.0,0.0,0.0,0.0,0.0,0.0,0.0,0.0,0.0,0.0,0.0
Stuffed Grape Leaves (3 pcs),Meal/Vegetarian,150,3.0,20.0,7.0,3.0,3.0,400,0,Snack,0,100.0,3.0,0.0,30.0,0.54,0.0,0.0,0.0,582.0,0.0,0.0,0.0,0.0,0.0,0.0,0.0,0.0,0.0,0.0,0.0,0.0,1.12,0.0,0.0,0.0,0.0,0.0,0.0
Rice (1/4 cup filling),Grain,51,1.1,11.1,0.1,0.1,0.0,0,0,Snack,0,60.0,0.0,0.0,0.0,1.92,0.0,0.0,53.4,0.0,0.0,0.0,0.0,0.0,2.136,0.0,0.0,0.0,0.0,0.0,0.0,79.8,0.0,0.0,0.0,0.0,0.0,0.0,0.0
Turkish Coffee (1 small cup),Beverage,5,0.2,0.5,0.0,0.0,0.0,1,0,Snack,60,240.0,0.0,0.0,4.8,0.024,7.199999999999999,7.199999999999999,110.39999999999999,4.8,0.048,0.0,0.0312,0.17279999999999998,0.4296,0.0024,0.0,0.0,0.0,0.024,0.24,4.8,0.0048,0.0336,0.0024,0.0,0.0,0.0,0.0
Cardamom (in coffee),Condiment,1,0.0,0.2,0.0,0.1,0.0,0,0,Snack,0,100.0,0.0,0.0,0.0,0.0,0.0,0.0,0.0,0.0,0.0,0.0,0.0,0.0,0.0,0.0,0.0,0.0,0.0,0.0,0.0,0.0,0.0,0.0,0.0,0.0,0.0,0.0,0.0
Shish Tawook (2 skewers),Meal/Meat,300,35.0,5.0,16.0,1.0,2.0,600,100,Dinner,0,100.0,0.8,0.0,14.0,1.31,16.0,113.0,238.0,208.0,2.5,10.0,0.058,0.136,2.931,0.271,0.0,15.0,0.0,0.46,5.5,17.0,1.659,2.04,0.491,0.0,41.0,0.0,0.0
Garlic Sauce (Toum 1 tbsp),Condiment,90,0.1,1.0,10.0,0.0,0.5,80,5,Dinner,0,15.0,0.045,0.0,5.55,0.033,0.6,5.25,9.15,70.95,0.027,102.3,0.0036,0.0016499999999999998,0.0105,0.0186,0.0,0.15,0.06,0.0015,0.975,0.75,6.15735,2.28165,0.34395000000000003,0.0,31.799999999999997,0.0,0.0
French Fries (side),Vegetable/Processed,340,4.0,44.0,17.0,4.0,0.3,230,0,Dinner,0,100.0,2.4,0.0,0.0,0.43,0.0,0.0,0.0,48.0,0.0,0.0,0.0,0.0,0.0,0.0,0.0,2.9,0.0,0.0,0.0,0.0,2.38,3.57,2.38,0.0,0.0,0.0,0.0
Pickled Cucumber (1/4 cup),Vegetable,10,0.5,2.0,0.0,1.0,1.0,300,0,Dinner,0,60.0,2.88,0.0,28.799999999999997,1.026,0.0,0.0,0.0,34.199999999999996,0.0,0.0,0.0,0.0,0.0,0.0,0.0,3.42,0.0,0.0,0.0,0.0,0.0,0.0,0.0,0.0,0.0,0.0,0.0
Fattoush Salad (1.5 cups),Meal/Vegetarian,250,5.0,25.0,15.0,6.0,5.0,500,0,Lunch,0,240.0,0.0,0.0,0.0,0.0,0.0,0.0,0.0,1370.3999999999999,0.0,0.0,0.0,0.0,0.0,0.0,0.0,10.319999999999999,0.0,0.0,0.0,0.0,8.568,0.0,0.0,0.0,0.0,0.0,0.0
Fried Pita (1/2 pita in salad),Grain,80,2.0,12.0,3.0,1.0,0.5,150,0,Lunch,0,100.0,3.8,0.0,17.0,4.59,37.0,124.0,129.0,854.0,0.96,0.0,0.56,0.307,7.043,0.109,0.0,0.0,0.0,6.93,1.2,135.0,1.342,10.842,2.13,0.0,0.0,0.0,0.0
Sumac (1/2 tsp dressing),Condiment,5,0.1,1.0,0.2,0.5,0.0,1,0,Lunch,0,100.0,0.0,0.0,0.0,0.0,0.0,0.0,0.0,2500.0,0.0,0.0,0.0,0.0,0.0,0.0,0.0,0.0,0.0,0.0,0.0,0.0,0.0,0.0,0.0,0.0,0.0,0.0,0.0
Pomegranate Molasses (1 tsp),Condiment,15,0.0,4.0,0.0,0.0,4.0,0,0,Lunch,0,100.0,0.0,0.0,205.0,4.72,242.0,31.0,1464.0,37.0,0.29,0.0,0.041,0.002,0.93,0.67,0.0,0.0,0.0,0.0,0.0,0.0,0.018,0.032,0.05,0.0,0.0,0.0,0.0

Roasted Peanuts,"Popcorn, Peanuts, Seeds & Related Snacks",586,25,21.4,50,7.1,0,7,0,Breakfast,0,28,7.1,0,71,2.57,0,0,0,7,0,0,0,0,0,0,0,0,0,0,0,0,7.14,0,0,0,0,0,0
maggie,"Seasoning Mixes, Salts, Marinades & Tenderizers",0,0,20,0,0,0,9800,0,Breakfast,0,100,0,0,0,0,0,0,0,9800,0,0,0,0,0,0,0,0,0,0,0,0,0,0,0,0,0,0,0
bread omelette,"Biscuits, muffins, quick breads",374,6.01,47.34,18.1,1.2,0,302,45,Breakfast,0,100,1.2,0,146,2.07,25,131,171,302,0.62,34,0.23,0.19,1.78,0.1,0.16,1.3,0.5,2.41,12,42,2.65,6.08,7.91,0,45,0,0